-- --------------------------------------------------------
-- Hôte :                        127.0.0.1
-- Version du serveur:           5.7.24 - MySQL Community Server (GPL)
-- SE du serveur:                Win64
-- HeidiSQL Version:             11.0.0.5919
-- --------------------------------------------------------

/*!40101 SET @OLD_CHARACTER_SET_CLIENT=@@CHARACTER_SET_CLIENT */;
/*!40101 SET NAMES utf8 */;
/*!50503 SET NAMES utf8mb4 */;
/*!40014 SET @OLD_FOREIGN_KEY_CHECKS=@@FOREIGN_KEY_CHECKS, FOREIGN_KEY_CHECKS=0 */;
/*!40101 SET @OLD_SQL_MODE=@@SQL_MODE, SQL_MODE='NO_AUTO_VALUE_ON_ZERO' */;


-- Listage de la structure de la base pour courribjd
CREATE DATABASE IF NOT EXISTS `courribjd` /*!40100 DEFAULT CHARACTER SET utf8 COLLATE utf8_unicode_ci */;
USE `courribjd`;

-- Listage de la structure de la table courribjd. dir_arriveds
CREATE TABLE IF NOT EXISTS `dir_arriveds` (
  `id` bigint(20) unsigned NOT NULL AUTO_INCREMENT,
  `num_dir` mediumint(9) DEFAULT NULL,
  `date_dir` date DEFAULT NULL,
  `mail_id` bigint(20) unsigned NOT NULL,
  `created_at` timestamp NULL DEFAULT NULL,
  `updated_at` timestamp NULL DEFAULT NULL,
  PRIMARY KEY (`id`),
  UNIQUE KEY `dir_arriveds_mail_id_unique` (`mail_id`),
  CONSTRAINT `dir_arriveds_mail_id_foreign` FOREIGN KEY (`mail_id`) REFERENCES `mails` (`id`) ON DELETE CASCADE
) ENGINE=InnoDB AUTO_INCREMENT=4 DEFAULT CHARSET=utf8mb4 COLLATE=utf8mb4_unicode_ci;

-- Listage des données de la table courribjd.dir_arriveds : ~2 rows (environ)
/*!40000 ALTER TABLE `dir_arriveds` DISABLE KEYS */;
INSERT INTO `dir_arriveds` (`id`, `num_dir`, `date_dir`, `mail_id`, `created_at`, `updated_at`) VALUES
	(2, 111, '2020-06-03', 2, '2020-06-04 10:08:08', '2020-06-04 10:08:08'),
	(3, 805, '2020-06-02', 3, '2020-06-04 11:42:33', '2020-06-04 11:42:33');
/*!40000 ALTER TABLE `dir_arriveds` ENABLE KEYS */;

-- Listage de la structure de la table courribjd. failed_jobs
CREATE TABLE IF NOT EXISTS `failed_jobs` (
  `id` bigint(20) unsigned NOT NULL AUTO_INCREMENT,
  `connection` text COLLATE utf8mb4_unicode_ci NOT NULL,
  `queue` text COLLATE utf8mb4_unicode_ci NOT NULL,
  `payload` longtext COLLATE utf8mb4_unicode_ci NOT NULL,
  `exception` longtext COLLATE utf8mb4_unicode_ci NOT NULL,
  `failed_at` timestamp NOT NULL DEFAULT CURRENT_TIMESTAMP,
  PRIMARY KEY (`id`)
) ENGINE=InnoDB DEFAULT CHARSET=utf8mb4 COLLATE=utf8mb4_unicode_ci;

-- Listage des données de la table courribjd.failed_jobs : ~0 rows (environ)
/*!40000 ALTER TABLE `failed_jobs` DISABLE KEYS */;
/*!40000 ALTER TABLE `failed_jobs` ENABLE KEYS */;

-- Listage de la structure de la table courribjd. images
CREATE TABLE IF NOT EXISTS `images` (
  `id` bigint(20) unsigned NOT NULL AUTO_INCREMENT,
  `path` varchar(255) COLLATE utf8mb4_unicode_ci NOT NULL,
  `mail_id` bigint(20) unsigned NOT NULL,
  `created_at` timestamp NULL DEFAULT NULL,
  `updated_at` timestamp NULL DEFAULT NULL,
  PRIMARY KEY (`id`),
  KEY `images_mail_id_foreign` (`mail_id`),
  CONSTRAINT `images_mail_id_foreign` FOREIGN KEY (`mail_id`) REFERENCES `mails` (`id`) ON DELETE CASCADE
) ENGINE=InnoDB AUTO_INCREMENT=61 DEFAULT CHARSET=utf8mb4 COLLATE=utf8mb4_unicode_ci;

-- Listage des données de la table courribjd.images : ~46 rows (environ)
/*!40000 ALTER TABLE `images` DISABLE KEYS */;
INSERT INTO `images` (`id`, `path`, `mail_id`, `created_at`, `updated_at`) VALUES
	(2, 'mailPdf/TGLSk663hTlOSLLelwj4jgE02Ldj0zNNcpfa3Q7M.pdf', 2, '2020-06-04 10:08:33', '2020-06-04 10:08:33'),
	(3, 'mailPdf/et7aTziYKcF0xtJ4prYzbeqjRqR4aEH8J3fpbIx0.pdf', 3, '2020-06-04 11:42:53', '2020-06-04 11:42:53'),
	(5, 'mailPdf/Og3JbS7LTEKawHbNwO3jLzmLx2c0ncTXWWgMzWQ0.pdf', 5, '2020-06-24 10:11:55', '2020-06-24 10:11:55'),
	(6, 'mailPdf/iYncp9HdnIrXL58BoG7hxWbZ91SEWXte620l9BIf.pdf', 4, '2020-06-24 10:15:17', '2020-06-24 10:15:17'),
	(7, 'mailPdf/WqBKN8r8OfhytQ7ylX4B3c1YX69PBQ7hCHjrdqQN.pdf', 9, '2020-06-24 15:19:17', '2020-06-24 15:19:17'),
	(8, 'mailPdf/XusAyM6Lx7zkdsSAxTFGyCnmpQrP4uEcMbOl7SlS.pdf', 10, '2020-06-26 10:04:26', '2020-06-26 10:04:26'),
	(9, 'mailPdf/v5VXvibYaKMwngA8bVmmL4DZgYst9a6EKk5GJSmB.pdf', 11, '2020-06-29 10:16:37', '2020-06-29 10:16:37'),
	(10, 'mailPdf/hAGJLPvebNyLC01Mi6OpsQiVeL2CjDhSgNYRrqo9.pdf', 12, '2020-06-29 10:50:55', '2020-06-29 10:50:55'),
	(11, 'mailPdf/7C7GbnKsOlScltdtlnyIYbVhGaV5R3u0GtZ96BXe.pdf', 15, '2020-07-03 09:12:27', '2020-07-03 09:12:27'),
	(12, 'mailPdf/ZDNSWWi4Oo71fJDG4tEOpYNZoTU6JDduFW7yeQZK.pdf', 17, '2020-07-08 14:09:50', '2020-07-08 14:09:50'),
	(13, 'mailPdf/MUazszTduKD9sZkHGF1jjGGmUWfaasoPRc1HBmII.pdf', 23, '2020-07-13 10:56:23', '2020-07-13 10:56:23'),
	(14, 'mailPdf/HIbHH2GnZTc4UDlSDc7CUstT8cByNkoxEjx2zahi.pdf', 25, '2020-07-13 10:57:36', '2020-07-13 10:57:36'),
	(15, 'mailPdf/rm73mbo7m7ZA1VhLBGUxGDFb5xtjdcU3ACgOHEBC.pdf', 24, '2020-07-13 10:58:25', '2020-07-13 10:58:25'),
	(16, 'mailPdf/SWd97oewxLiAphWywnDbIfAiwMa9OWAJp90Jp4Fb.pdf', 26, '2020-07-14 12:01:22', '2020-07-14 12:01:22'),
	(17, 'mailPdf/Tq0fKQ34HwdENy20bV4AUjWjIbvs8QCQtoU6gNli.pdf', 30, '2020-07-17 13:56:21', '2020-07-17 13:56:21'),
	(18, 'mailPdf/hTmLYAj0P4nXXhULpAPL0qXMHShHBjXuIUAnKCmV.pdf', 29, '2020-07-17 13:57:40', '2020-07-17 13:57:40'),
	(19, 'mailPdf/Mdt56q8732UD68cWfzXrAeDKisdkLMdDN3apTMoO.pdf', 33, '2020-07-21 14:34:55', '2020-07-21 14:34:55'),
	(20, 'mailPdf/6Qh6eTPoxIHHwN1cBLfYDmMbLWArBnoVXsDJmloP.pdf', 35, '2020-07-22 09:14:17', '2020-07-22 09:14:17'),
	(21, 'mailPdf/br3zbi8NdoQj1Vsc3BdbgC3cAofQ5yUZB2uicgQK.pdf', 36, '2020-07-22 09:45:59', '2020-07-22 09:45:59'),
	(22, 'mailPdf/SMoW2ewOY3BtLLPW1mEKKNVXQcc1dZnULKtttWUp.pdf', 37, '2020-07-23 09:10:13', '2020-07-23 09:10:13'),
	(23, 'mailPdf/EgJEc2kHZZIr2tprSNQXRUk8rPJgSViWcKJ61GQG.pdf', 38, '2020-07-27 09:12:23', '2020-07-27 09:12:23'),
	(24, 'mailPdf/mU3WR62PrStah88jLSurQcg1ImlOa3TJgsvKZU95.pdf', 44, '2020-07-28 09:23:41', '2020-07-28 09:23:41'),
	(25, 'mailPdf/u0K5ppsze5zS4Yp63UsuklGHsCIOWEaUQipkOuqF.pdf', 46, '2020-07-28 10:06:50', '2020-07-28 10:06:50'),
	(26, 'mailPdf/N34xzcN0lodXKO1WcB18hdGWMdMAYXYQJVyXnwpc.pdf', 45, '2020-07-28 10:52:13', '2020-07-28 10:52:13'),
	(27, 'mailPdf/OiGH9Bt1nExYikKk6wFvCTylkm2QxbBPZBjRHByz.pdf', 47, '2020-07-28 10:52:44', '2020-07-28 10:52:44'),
	(28, 'mailPdf/AZhIiuy5SVY9JWDUXhtwYtt37GXXiD5XY0PsgWzH.pdf', 50, '2020-07-28 16:05:56', '2020-07-28 16:05:56'),
	(29, 'mailPdf/v9jQXlc6WazMSfpzwtwN1o0unX3OzpqscVGXVp3e.pdf', 52, '2020-07-28 16:09:55', '2020-07-28 16:09:55'),
	(30, 'mailPdf/v3r0RWjhFB5o034iSxGdXq10IyOEp8V97cj5FTeX.pdf', 54, '2020-08-04 07:54:50', '2020-08-04 07:54:50'),
	(31, 'mailPdf/UOUsjPe0Z7utZDDtYKscT2ay20QOQw4KxXlOGdKd.pdf', 55, '2020-08-04 07:57:13', '2020-08-04 07:57:13'),
	(32, 'mailPdf/kHDJBTwiwPLaXpQo4LRAZKCBtOJV9kkSyDQqkpM0.pdf', 56, '2020-08-04 08:21:28', '2020-08-04 08:21:28'),
	(33, 'mailPdf/42vqsMBBcNnQPabE2NneuJj9GgIPtZW7rYTWzqEz.pdf', 57, '2020-08-04 14:18:49', '2020-08-04 14:18:49'),
	(34, 'mailPdf/MEukvve2dqZJXca1rl2kmW2NqrIasrFoXXPb5vY8.pdf', 59, '2020-08-04 14:20:04', '2020-08-04 14:20:04'),
	(35, 'mailPdf/e5anmcuDebLtUsU1vLdaL9za3ASOFlT8YAGw71dN.pdf', 58, '2020-08-04 14:20:52', '2020-08-04 14:20:52'),
	(36, 'mailPdf/cjljLbxDvrlzM0jJ4vqev9y2RF2AuCcMOD1jr8Ye.pdf', 55, '2020-08-05 09:38:52', '2020-08-05 09:38:52'),
	(37, 'mailPdf/UjjUizDwtvl6K6DLdN8S8es2TKsOCdLBcpxLcwEo.pdf', 60, '2020-08-05 14:50:13', '2020-08-05 14:50:13'),
	(38, 'mailPdf/RWc2iBapPM5G09pJL3WmwSNixgtcVZXAvb53axL0.pdf', 60, '2020-08-06 09:55:11', '2020-08-06 09:55:11'),
	(39, 'mailPdf/T75u0B3P1JFAlznrUyldThYbhy7ubODC4LqVl9yE.pdf', 65, '2020-08-06 10:44:47', '2020-08-06 10:44:47'),
	(40, 'mailPdf/5R4YGVU0BApAZaYVzTDRB0GLm0SJaUXFEOz6LbZO.pdf', 62, '2020-08-06 10:53:26', '2020-08-06 10:53:26'),
	(41, 'mailPdf/ku9B7V34i38IL0UZeOjJz7eWIlQg2KRrIScfdNqo.pdf', 65, '2020-08-06 14:38:42', '2020-08-06 14:38:42'),
	(42, 'mailPdf/gRzfKvDuuBKa44CwrhinYXdTWKDcWi5lNDMNmGGR.pdf', 67, '2020-08-07 16:33:03', '2020-08-07 16:33:03'),
	(43, 'mailPdf/neT47XgIBn8kBZfc9uRQNhpMmIeerBtCk2yEBlxj.pdf', 66, '2020-08-10 13:42:01', '2020-08-10 13:42:01'),
	(44, 'mailPdf/TujlGQnS9EL0A1HoLNXPbzaG1v8UY7vJEYdCsHCl.pdf', 70, '2020-08-11 13:20:28', '2020-08-11 13:20:28'),
	(45, 'mailPdf/ANZnhomyrUVCzZwkxwUJS5eYiGuoFM5ZleiJ0Sgs.pdf', 72, '2020-08-11 13:22:00', '2020-08-11 13:22:00'),
	(46, 'mailPdf/lIfd6zH2ARPrShLl4CjzMh6r6meFT5hBEJuMCtZA.pdf', 71, '2020-08-11 13:24:53', '2020-08-11 13:24:53'),
	(47, 'mailPdf/J8Ak9dbdCbVO3LTmDGtYfWXCd65llcKcpt7REAZJ.pdf', 106, '2020-09-09 07:51:06', '2020-09-09 07:51:06'),
	(48, 'mailPdf/NYLDYkdcNIVgcdoFyM0p2BE48yyxP9uEbzJmJZ8u.pdf', 115, '2020-09-10 08:16:28', '2020-09-10 08:16:28'),
	(49, 'mailPdf/RXqAXvHDJVHnTYh6YiDEaEcuUMfxWDExY5tzzdPV.pdf', 116, '2020-09-11 09:49:25', '2020-09-11 09:49:25'),
	(50, 'mailPdf/zwTubhXVL8QT3dcIDpogO7TYMlvuOkOwBlq3tqvH.pdf', 117, '2020-09-11 09:50:12', '2020-09-11 09:50:12'),
	(51, 'mailPdf/aSGzWAEjWY9Ygs2ABN8Bn8naMPG0nDUjt3hALPkL.pdf', 122, '2020-09-15 10:11:14', '2020-09-15 10:11:14'),
	(52, 'mailPdf/ifTX6peJWkGroSolrI0a65DJe356t42RuhUzAs57.pdf', 122, '2020-09-15 10:11:24', '2020-09-15 10:11:24'),
	(53, 'mailPdf/pssrdyK82weyfTU8qwVUI8g1MYh2GtlvJxBml0Y5.pdf', 137, '2020-09-29 14:24:01', '2020-09-29 14:24:01'),
	(54, 'mailPdf/Zjh87o9yzHyKZEEB2cUtgyA6MjVlInk5RKEQPkug.pdf', 143, '2020-10-01 08:46:19', '2020-10-01 08:46:19'),
	(55, 'mailPdf/Ru8QQWGAo8vtnZTdJAr5NO8JIMa81dbDhv6499NX.pdf', 139, '2020-10-01 08:47:34', '2020-10-01 08:47:34'),
	(56, 'mailPdf/jiOVECYDUDGT6SBHLPXoVdYPCJG4KInXPZysml86.pdf', 137, '2020-10-05 08:28:55', '2020-10-05 08:28:55'),
	(57, 'mailPdf/AOpYLE3lyF3A3SMiQAcPUWtv1ZWcO7P97e7zjMcr.pdf', 174, '2020-10-20 10:01:04', '2020-10-20 10:01:04'),
	(58, 'mailPdf/tKyunUEotf2dAS3VHuMbDbTDcKypfreMkTuWtwvK.pdf', 172, '2020-10-20 10:02:02', '2020-10-20 10:02:02'),
	(59, 'mailPdf/mJyDJ4ll2X7ctCQHBCzJpjN9MMhiz28REjFR684I.pdf', 203, '2020-11-04 09:41:48', '2020-11-04 09:41:48'),
	(60, 'mailPdf/DllZHC8CkvGV0YJJCDxkRYTcSi0tOM0wlqGbLUe9.pdf', 203, '2020-11-04 09:41:57', '2020-11-04 09:41:57');
/*!40000 ALTER TABLE `images` ENABLE KEYS */;

-- Listage de la structure de la table courribjd. mails
CREATE TABLE IF NOT EXISTS `mails` (
  `id` bigint(20) unsigned NOT NULL AUTO_INCREMENT,
  `sender` varchar(255) COLLATE utf8mb4_unicode_ci NOT NULL,
  `subject` text COLLATE utf8mb4_unicode_ci NOT NULL,
  `date_bjd` date DEFAULT NULL,
  `section` varchar(15) COLLATE utf8mb4_unicode_ci DEFAULT NULL,
  `created_at` timestamp NULL DEFAULT NULL,
  `updated_at` timestamp NULL DEFAULT NULL,
  `observation_bjd` text COLLATE utf8mb4_unicode_ci,
  PRIMARY KEY (`id`)
) ENGINE=InnoDB AUTO_INCREMENT=303 DEFAULT CHARSET=utf8mb4 COLLATE=utf8mb4_unicode_ci;

-- Listage des données de la table courribjd.mails : ~240 rows (environ)
/*!40000 ALTER TABLE `mails` DISABLE KEYS */;
INSERT INTO `mails` (`id`, `sender`, `subject`, `date_bjd`, `section`, `created_at`, `updated_at`, `observation_bjd`) VALUES
	(2, 'bjd', 'planning décret d\'utilité pu', '2020-06-04', 'expropriation', '2020-06-04 10:07:16', '2020-06-04 10:07:16', NULL),
	(3, 'مؤسسة الاعمال الاجتماعية للحوز', 'مذكرة تخص سلف عيد الاضحى', '2020-06-04', 'decisions-notes', '2020-06-04 11:37:51', '2020-06-24 11:07:48', NULL),
	(4, 'المحافظ على الاملاك العقارية مراكش المنارة', 'بشأن الرسم العقاري عدد 43430/04\r\nالمرجع: كتابكم عدد 850 بتاريخ 06 مارس 2020', '2020-06-24', 'expropriation', '2020-06-24 09:49:08', '2020-06-24 09:49:08', NULL),
	(5, 'وزارة الفلاحة و الصيد البحري و التنمية القروية  و المياه و الغابات  - مديرية الموارد البشرية بالرباط', 'مذكرة خاصة بإلزامية ارتداء الكمامات داخل مقرات العمل', '2020-06-24', 'decisions-notes', '2020-06-24 10:11:14', '2020-06-24 11:08:05', NULL),
	(6, 'بريد المغرب', 'تجديد الإشتراك في صندوق  البريد', '2020-06-24', 'divers', '2020-06-24 11:09:56', '2020-06-24 11:23:40', NULL),
	(7, 'Mr le chef du SPP / ORMVAH - Marrakech', 'Ordre de recette  N° : 75/27 - 79/28 - 80/28 - 76/27 - 77/27 - 78/27 - 81/28 - 82/28 du 18/06/2020', '2020-06-24', 'contentieux', '2020-06-24 11:58:07', '2020-06-24 11:58:07', NULL),
	(8, 'Mr le chef du SPP / ORMVAH - Marrakech', 'Ordre de recettes N° : 83/29 -84/29 -85/29-  86/29-87/30- 88/30- 89/30-90/30- 91/31- 92/31- 93/31- 94/31- 95/31- 96/31.', '2020-06-24', 'contentieux', '2020-06-24 12:08:08', '2020-06-24 12:08:08', NULL),
	(9, 'Le Directeur du CMV 403 - FREITA  - EL KELAA DES SRAGHNA', 'Vols survenus aux logements de la cité du CMV 403', '2020-06-24', 'domanial', '2020-06-24 15:11:16', '2020-06-24 15:11:16', NULL),
	(10, 'Société ERI SER S.A.R.L', 'Réclamation: Acte de vandalisme\r\nMarché n°: 56/2015/ORH', '2020-06-26', 'divers', '2020-06-26 09:59:18', '2020-06-26 09:59:18', NULL),
	(11, 'le chef du SPP', 'Situation des restes à recouvrer des revenus immeubles', '2020-06-29', 'domanial', '2020-06-29 10:03:54', '2020-06-29 10:03:54', NULL),
	(12, 'مبارك مومن و نعيمة مومن', 'تعرض بخصوص التعويض على مشروع عن إنجاز الساقية الرافعية و ارزاتن', '2020-06-29', 'expropriation', '2020-06-29 10:40:38', '2020-06-29 10:40:38', NULL),
	(13, 'Le Chef  de la CAM -ORMVAH - Marrakech', 'Bon de Commande N° 2020/004', '2020-06-29', 'divers', '2020-06-29 14:31:00', '2020-06-29 14:31:00', NULL),
	(14, 'Mr le chef du SGRID / ORMVAH - Marrakech', 'Factures de consommation électriques \r\n- contrats N°s 1424458 et 6437143 / ne concerne pas SGRID', '2020-06-30', 'domanial', '2020-06-30 15:03:41', '2020-06-30 15:03:41', NULL),
	(15, 'قائد قيادة سيدي عبد الله غياث', 'اجتماع اللجنة الادارية للخبرة\r\nالمرجع: كتاب السيد المدير عدد 1366 بتاريخ 29/04/2020', '2020-07-03', 'expropriation', '2020-07-03 08:22:34', '2020-07-03 08:22:34', NULL),
	(16, 'Docteur Ouled Saber Hassan', 'Demande d\'attribution d\'un local', '2020-07-08', 'domanial', '2020-07-08 13:39:44', '2020-07-08 13:39:44', NULL),
	(17, 'Le Chef  du Service de la Planification et de la Programmation', 'BE 325/ORH/SPP/BF du 3 juillet 2020 portant l\'attestation de paiement au profit de l\'ANCFCC en date du 20/04/2020 (montant 3600 dh)', '2020-07-08', 'divers', '2020-07-08 13:43:29', '2020-07-17 13:38:14', 'classé'),
	(18, 'le coordinateur des activités de l\'ORMVAH dans la province d\'El Kelaa des Sraghna', 'BE 328/ORMVAH/COORD/KELAA du 23/6/2020 partant une lettre du directeur du CMV 403 au sujet de Vols survenus aux logements de la cité du CMV 403', '2020-07-08', 'domanial', '2020-07-08 13:51:44', '2020-07-08 13:51:44', NULL),
	(19, 'عامل إقليم الحوز', 'ورقة إرسال عدد 7671 بتاريخ 03/07/2020 حاملة لنسخة من إلتماس توصلت به مصالح العمالة من السيد م. رشيد المغاري رئيس التعاونية الاقليمية للفلاحة و الالبان (COPAL) بشأن إمكانية استغلال أحد المراكز الفلاحية التابعة لمكتب الحوز', '2020-07-09', 'domanial', '2020-07-09 09:08:25', '2020-07-09 09:08:25', NULL),
	(20, 'Docteur SMIRES MUSTAPHA', 'Expertise médical de Mme Nezha NOUREDDINE', '2020-07-09', 'divers', '2020-07-09 09:11:34', '2020-07-09 09:11:34', NULL),
	(21, 'إبتدائية مراكش (لمفوض القضائي : احمد بوعلي)', 'حكم في ملف 717/1502/2018 - حادثة شغل مبارك رقراق', '2020-07-09', 'contentieux', '2020-07-09 09:16:56', '2020-07-09 09:16:56', NULL),
	(22, 'Le chef du Service de la planification et de la Programmation', 'Situation des infractions impayées de l\'exercice 2019', '2020-07-09', 'contentieux', '2020-07-09 09:18:51', '2020-07-09 09:18:51', NULL),
	(23, 'نظارة أوقاف مراكش', 'إعلان عن إجراء سمسرة عمومية بتارخ 22 يوليوز 2020 بالمحاميد مراكش', '2020-07-13', 'divers', '2020-07-13 10:41:06', '2020-07-13 10:56:47', NULL),
	(24, 'محكمة الاستئناف الادارية مراكش', 'أمر باستدعاء الاطراف للجلسة المنعقدة بتاريخ 15/07/2020 في ملف الغماري المختار عن عائشة قيبال', '2020-07-13', 'contentieux', '2020-07-13 10:44:04', '2020-07-13 10:44:04', NULL),
	(25, 'ministère de l\'agriculture et de la pêche maritime', 'Dossiers des terrains relevant du DPE\r\nRéf: V/L n° 1440/ORMVAH/SAF/BJD du 11 mai 2020', '2020-07-13', 'domanial', '2020-07-13 10:47:11', '2020-07-13 10:47:11', NULL),
	(26, 'الاستاذة دينوري فاطمة محامية بهيئة مراكش', 'إنذار بالإفراج عن مبلغ الكفالة لفائدة شركة أوسيكيس', '2020-07-14', 'contentieux', '2020-07-14 12:00:02', '2020-07-24 15:10:10', 'ارسل الى خلية التمويل والصفقات بالإضافة الى المحامية'),
	(27, 'Le Chef  de la Cellule d\'Approvisionnement et des marchés', 'BE portant les factures n° F-0017464/20,  F-0017465/20,  F-0017466/20 et F-0017467/20 (insertion des projets d\'expropriation au journal )', '2020-07-15', 'expropriation', '2020-07-15 14:15:41', '2020-07-16 15:13:32', 'objet rempli et renvoyé par BE n° 282 du 16/07/2020'),
	(28, 'le Directeur de l\'ORMVAH', 'BE n° 2118/ORH/SPP/BB portant la circulaire n° 0778/DF/DGF du 14/07/2019 émanant du MAPMDREF relative à la préparation de budget du département de l\'agriculture au titre de l\'exercice 2021', '2020-07-16', 'divers', '2020-07-16 14:27:29', '2020-07-16 15:11:55', 'classé -budget-'),
	(29, 'الاستاذة فاطمة اشرايكي', 'رسالة عبد البريد الالكتروني مصحوبة ب نسخة من محضر معاينة مفوض قضائي للملحقة الادارية لتربية المواشي بقلعة السراغنة', '2020-07-17', 'domanial', '2020-07-17 13:48:19', '2020-07-17 13:48:19', NULL),
	(30, 'HARRAQ MOUNIR', 'demande de réhabilitation des toilettes du sous centre d\'ourika', '2020-07-17', 'domanial', '2020-07-17 13:50:13', '2020-07-17 14:00:35', 'après vérification, il s\'est avéré que le concerné est en situation régulière  envers l\'ORMVAH en matière du loyer'),
	(31, 'Le chef du Service de la planification et de la Programmation', 'Situation des infractions impayées de l\'exercice 2020 au 17/07/2020', '2020-07-21', 'contentieux', '2020-07-21 14:19:42', '2020-07-22 11:05:57', 'Renvoyé au SPP sans suite par BE n° 291 du 22/07/2020'),
	(32, 'Le chef du Service de la planification et de la Programmation', 'décision de révision des barèmes des prestations de services rendus aux tiers au titre de l\'exercice 2020', '2020-07-21', 'divers', '2020-07-21 14:22:24', '2020-07-24 15:01:54', 'classé au dossier jeunes promoteurs'),
	(33, 'المحافظ على الاملاك العقارية مراكش جيليز', 'في شأن نقل ملكية الرسم العقاري 12003/م\r\nالمرجع: كتابكم عدد 1885/م ح /م ا م م د ق ا بتاريخ 01/07/2020', '2020-07-21', 'domanial', '2020-07-21 14:26:10', '2020-07-21 14:26:10', NULL),
	(34, 'Le chef du Service de la planification et de la Programmation', 'Ordre de recettes N° : 119,120,121,122/41; 123,124,125,126/42; 127,128,129,130/43; 131,132,133/44 du 10/07/2020', '2020-07-21', 'contentieux', '2020-07-21 14:30:31', '2020-07-21 14:30:31', NULL),
	(35, 'Le Ministre de l\'Agriculture de la Pêche Maritime du Développement Rural et des Eaux et Forêts', 'Arriérés vis-à-vis de l\'ONEEP', '2020-07-22', 'divers', '2020-07-22 08:21:49', '2020-07-23 10:41:51', 'en cours de traitement ...'),
	(36, 'قيادة سيدي عبد الله غياث', 'محضر إجتماع اللجنة الإدارية للخبرة 03/07/2020 (6 نسخ)', '2020-07-22', 'expropriation', '2020-07-22 09:43:31', '2020-07-22 09:46:46', 'تم حفظها في ملف المشروع المعني'),
	(37, 'Le Ministre de l\'Agriculture de la Pêche Maritime du Développement Rural et des Eaux et Forêts', 'Amélioration des performances financières du département', '2020-07-23', 'divers', '2020-07-23 09:08:05', '2020-07-23 09:13:04', 'classé -budget-'),
	(38, 'MODREC la référence du recouvrement', 'أخر إشعار قبل مباشرة إجراءات التنفيذ من طرف أطلنطا الى مكتب الحوز', '2020-07-27', 'divers', '2020-07-27 09:09:37', '2020-07-27 09:18:55', 'تم إرساله عبر الفاكس إلى تأمين بلكاهية (أنظر الصفحة الثانية في الوثيقة المرفقة)'),
	(39, 'رئيس مصلحة المعدات', 'حادثة شغل بتاريخ 24/07/2020 ضحيتها عبد الجليل بنتاودي', '2020-07-27', 'divers', '2020-07-27 12:18:01', '2020-07-27 12:20:53', 'تم منح المصاب الشهادة بذلك و تم إخبار كل من شركة التأمين والمديرية الاقليمية للتشغيل'),
	(40, 'مكتب الحوز', 'مذكرة بشأن إستعمال الفضاء الداخلي لمقر المكتب', '2020-07-27', 'decisions-notes', '2020-07-27 12:26:41', '2020-07-27 12:44:49', 'classé -divers-'),
	(41, 'رئيس مصلحة تدبير شبكة الري و صرف المياه', 'ورقة ارسال عدد 787 بتاريخ 23/07/2020 مصحوبة ب 9 محاضر و ملحقات تتعلق بتحويل مياه السقي', '2020-07-27', 'contentieux', '2020-07-27 12:29:21', '2020-08-05 14:41:56', 'تم إحالتهم على المحامية بورقة إرسال عدد 2246 بتاريخ 05/08/2020 من أجل رفع دعوى ضد المعنيين بالامر'),
	(42, 'رئيس مصلحة تدبير شبكة الري و صرف المياه', 'ورقة ارسال عدد 788 بتاريخ 23/07/2020 مصحوبة ب 9 محاضر و ملحقات تتعلق بتحويل مياه السقي', '2020-07-27', 'contentieux', '2020-07-27 12:32:30', '2020-08-05 14:41:34', 'تم إحالتهم على المحامية بورقة إرسال عدد 2246 بتاريخ 05/08/2020 من أجل رفع دعوى ضد المعنيين بالامر'),
	(43, 'م ح / م إ م / مكتب الموظفين و الشؤون الإجتماعية', 'قرار رقم 2205 بتاريخ 24/07/2020', '2020-07-27', 'decisions-notes', '2020-07-27 15:31:57', '2020-07-28 10:15:06', 'بعد الاستشارة مع رئيس المصلحة, قرر حفظها في إنتظار رجوع رئيس مكتب الشؤون القانونية من أجل تفعيلها'),
	(44, 'العربي العرفاوي الساكن بالحي الإداري الجديد رقم 14  قلعة السراغنة', 'طلب موعد لقاء  لمناقشة إفراغ من سكن إداري', '2020-07-27', 'domanial', '2020-07-27 15:37:45', '2020-07-28 09:26:40', 'تمت موافاة رئيس المصلحة  بنسخة من هذه الرسالة, و ذلك كما طلب'),
	(45, 'C D G  -Rabat', 'Declaration de consignation\r\nmontant :10.300,00 dh du 23/01/2020', '2020-07-27', 'expropriation', '2020-07-27 15:42:56', '2020-07-28 10:51:40', 'classé -CDG- dans l\'attente de traitement des mains levées disponible au BJD'),
	(46, 'C D G  -Rabat', 'Declaration de consignation\r\nmontant : 717064,02 dh du 24/01/2020', '2020-07-27', 'expropriation', '2020-07-27 15:42:56', '2020-07-28 10:08:48', 'classé -CDG- dans l\'attente de traitement des mains levées disponible au BJD'),
	(47, 'C D G  -Rabat', 'Déclaration de Consignation\r\nMontant : 681.185,00dh du 23/01/2020', '2020-07-27', 'expropriation', '2020-07-27 15:45:56', '2020-07-28 13:40:35', 'classé -CDG- dans l\'attente de traitement des mains levées disponible au BJD'),
	(48, 'Mr le chef du SPP / ORMVAH - Marrakech', 'Chèque impayés\r\ncmv 410 : BLA 5512566 / CA de 957.12 dh\r\ncmv 408 : BKB 6654801 / CA de 10.000,00dh', '2020-07-27', 'contentieux', '2020-07-27 15:58:15', '2020-08-04 08:44:23', 'تم توجيه إنذارات بالاضافة إلى إخبار مصلحة التخطيط و البرمجة بواسطة ورقة إرسال عدد 297 بتاريخ 29/07/2020 (نسخة من الانذارات)'),
	(49, 'Mr le chef du SPP / ORMVAH - Marrakech', 'Ordres de recette N° 159 - 160 - 161 - 162  - 163 - 164  du 23/07/2020', '2020-07-27', 'contentieux', '2020-07-27 16:04:20', '2020-07-27 16:04:20', NULL),
	(50, 'م ح / م إ م / مكتب الموظفين و الشؤون الإجتماعية', 'قرار الإحالة على الاستيداع رقم 2220 بتاريخ 28/07/2020 \r\nيخص الصافي محمد الرشيد مهندس دولة من الدرجة الرئيسية السلم  11 - الرتبة  2 الرقم الإستدلالي 542  -مصلحة المواشي -مكتب الحوز.', '2020-07-28', 'decisions-notes', '2020-07-28 14:48:11', '2020-07-28 16:05:24', 'Classé -divers-'),
	(51, 'منسق أنشطة مكتب الحوز - قلعة السراغنة', 'محاضر معاينة إحصاء و إتلاف بقايا المبيدات والأسمدة المتواجدة بالمراكز الفلاحية التابعة لمنسقية قلعة السراغنة', '2020-07-28', 'divers', '2020-07-28 15:16:00', '2020-07-29 08:57:41', 'تم حفظها بعد الاستشارة مع رئيس المصلحة'),
	(52, 'مدير المركز الفلاحي  406 بالنيابة - أولاد ناصر', 'إخبار بإلحاق ضرر بقنوات السقي', '2020-07-28', 'contentieux', '2020-07-28 15:20:55', '2020-07-29 14:46:52', 'تم إرسالها الى المحامية من أجل رفع شكاية'),
	(53, 'رئيس مصلحة تدبيرشبكة الري و صرف المياه بمكتب الحوز - مراكش', '- محضر و ملحق يتعلق بتحويل مياه السقي يخص 7 أشخاص  - قصد تطبيق المسطرة القانونية', '2020-07-28', 'contentieux', '2020-07-28 15:26:44', '2020-08-05 14:44:39', 'تم إحالتهم على وكيل الملك لدى المحكمة الابتدائية بقلعة السراغنة بورقة إرسال عدد 2245 بتاريخ 05/08/2020 من أجل إتخاذ المتعين في حق المعنيين بالامر'),
	(54, 'وزارة الفلاحة و الصيد البحري و التنمية القروية و المياه و الغابات', 'مذكرة /مضاعفة الجهود من اجل التطبيق التام والأمثل لإجراءات والتدابير الاحترازية لمواجهة فيروس كورونا المستجد كوفيد 19', '2020-08-04', 'decisions-notes', '2020-08-04 07:54:27', '2020-08-07 08:49:43', 'classé'),
	(55, 'Ste nord afric tajhiz s.a.r.l (email S.E.H.A)', 'وقوع هجوم على المسبح', '2020-08-04', 'expropriation', '2020-08-04 07:56:33', '2020-08-05 14:16:48', 'تم تكليف المحامية بواسطة ورقة إرسال عدد 2251 بتاريخ 5 غشت  2020 من أجل رفع شكاية علما أن مكتب الحوز قدم شكاية الى الدائرة الامنية الثامنة (أنظر المرفقات)'),
	(56, 'رئيس مصلحة المعدات', 'إخبار عن حادثة الشغل تعرض لها عبد الجليل بنتاودي', '2020-08-04', 'divers', '2020-08-04 08:11:26', '2020-08-04 08:12:01', 'تم حفظه في ملف الحادثة'),
	(57, 'C D G  -Rabat', 'déclaration de consignation\r\nmontant : 41.660,00 dh n° 2205082 du 29/07/2020', '2020-08-04', 'expropriation', '2020-08-04 10:07:02', '2020-08-04 14:26:10', 'classé -CDG- dans l\'attente de traitement de la mains levée disponible au BJD'),
	(58, 'C D G  -Rabat', 'déclaration de consignation\r\nmontant : 17.620,00 dh n° 2205081 du 29/07/2020', '2020-08-04', 'expropriation', '2020-08-04 10:09:49', '2020-08-04 14:25:34', 'classé -CDG-'),
	(59, 'C D G  -Rabat', 'déclaration de consignation \r\nmontant 6.000,00 dh n° 2205080 du 29/07/2020', '2020-08-04', 'expropriation', '2020-08-04 10:14:24', '2020-08-04 14:25:08', 'classé -CDG-'),
	(60, 'وزارة العدل  - المحكمة الإدارية بمراكش', 'ملف التصفية عدد 44/2019 \r\nإنذار قانوني -  أداء مبلغ : 160،00 درهم', '2020-08-05', 'contentieux', '2020-08-05 14:44:13', '2020-08-06 09:54:40', 'تم الاداء بالمحكمة (أنظر الوصل المرفق)'),
	(61, 'Le Directeur de ORMVA du  HAOUZ -MARRAKECH', 'discutions des projets budget au titre de l\'exercice 2021\r\nfax n° 580/DIAEA/DA/CB du 29/07/2020 émanant de la direction de l\'irrigation', '2020-08-05', 'divers', '2020-08-05 15:05:18', '2020-08-07 12:21:46', 'classé -budget-'),
	(62, 'وزارة العدل و الحريات  - المحكمة الإدارية بالدار البيضاء من طرف م.ب.ت بورقة إرسال رقم 457 بتاريخ 05/08/2020', 'تبليغ متعلق بملف 422/7112/2019 لحضور جلسة بحث بتاريخ  08/09/2020 (قضية شركة Finea و شركة Union service)', '2020-08-05', 'contentieux', '2020-08-05 15:14:53', '2020-08-07 11:51:29', 'تم تسليم نسخة الى المحامية خلال اجتماع 05/08/2020 و تم إرساله اليها عن طريق ورقة ارسال عدد 2263 بتاريخ 07/08/2020 كما أرسل الى خلية الصفقات عن طريق ورقة ارسال عدد 301 بتاريخ 06/08/2020'),
	(63, 'Mr le chef du SPP / ORMVAH       - Marrakech -', 'copie du Budget d\'investissement 2020 modificatif n° 1 (balance et programme d\' emploi)', '2020-08-05', 'divers', '2020-08-05 15:24:03', '2020-08-07 12:20:55', 'classé -budget-'),
	(64, 'le Chef de la CAM - ORMVAH', 'Bon de Commande N°  2020/0045 C/Détérgents et produits de néttoyage- Gel antiseptique montant  : 16.200,00 dh', '2020-08-06', 'divers', '2020-08-06 10:22:29', '2020-08-06 11:25:16', 'suite à la conversation téléphonique avec le chef du BJD, il a été classé sachant que les produits ont déjà été livrés'),
	(65, 'Gouverneur Province d\'El Kelàa des Sraghna', 'Message a pour objet acte de destruction et de baignade au niveau ouvrage bassin de régulation situe a douar abbou \r\nCR. Zemrane Cherquià', '2020-08-06', 'contentieux', '2020-08-06 10:33:11', '2020-08-07 11:35:58', 'Fax en réponse à un téléfax au près du directeur de l\'ORMVAH (SEHA/BARES) voir pièce jointe n° 2 +\r\nenvoyé à l\'avocate par BE n° 2264 du 07/08/2020 pour présenter une plaine'),
	(66, 'Le Directeur du CMV 432 -  MARRAKECH -', 'Factures d\'électricité  C/ CMV  SAADA', '2020-08-07', 'domanial', '2020-08-07 14:50:39', '2020-08-07 14:51:55', NULL),
	(67, 'Mr le chef du SPP / ORMVAH - Marrakech', 'Situation des  chèques impayés relative à la redevance d\'eau d\'irrigation\r\nchèques  impayés originaux n°  APC /477259 du 13/01/2016 MT : 1084,26 dh - N° AMV / 205485 du 09/01/2017 MT : 16636,78 dh -  N° MDC 5330360 du 11/04/2016  MT : 6282,52 dh - N° CEC  6150723 du 21/07/2016  MT : 1903,35 dh', '2020-08-07', 'contentieux', '2020-08-07 15:41:11', '2020-08-10 13:36:06', 'le chèque AMV 205485 envoyés à l\'avocate et les chèques  APC 477259 et CEC 6150723 et MDC 5330360 sont retournés au SPP par BE n302 du 10/08/2020'),
	(68, 'Le chef du SGRID  - MARRAKECH -', 'PV d\'infraction c / 4 personnes - 1 orog. + 3 copies\r\ndevis estimatif des dégats 1 orog. + 3 copies', '2020-08-10', 'contentieux', '2020-08-10 15:10:50', '2020-08-10 15:10:50', NULL),
	(69, 'Le chef du SGRID  - MARRAKECH -', 'PV d\'infraction c / 2 personnes - 1 orog. + 3 copies devis estimatif des dégats 1 orog. + 3 copies', '2020-08-10', 'contentieux', '2020-08-10 15:14:35', '2020-08-10 15:14:35', NULL),
	(70, '- مراكش -م ت ش ر ص م بمكتب الحوز', 'إعلان بوضع استخلاص أتاوة ماء السقي', '2020-08-10', 'contentieux', '2020-08-10 15:18:25', '2020-08-10 15:18:25', NULL),
	(71, 'SGRID / ORMVAH - MARRAKECH -', 'NOTE DE SERVICE', '2020-08-10', 'decisions-notes', '2020-08-10 15:20:53', '2020-08-10 15:20:53', NULL),
	(72, 'Le Chef du SEHA - MARRAKECH -', 'Réaménagement du club de L\'ORMVA du Haouz  à Marrakech\r\nSécurité menacée ( intrusion des étrangers )', '2020-08-10', 'divers', '2020-08-10 15:26:19', '2020-08-11 10:46:41', NULL),
	(73, 'Mr le chef du SPP / ORMVAH - Marrakech', 'Ordre de recette n°165/54 du 07/08/2020', '2020-08-10', 'contentieux', '2020-08-11 10:49:51', '2020-08-11 10:49:51', NULL),
	(74, 'Le Directeur de ORMVA du  HAOUZ', 'rapport provisoire N° 6357 de l’inspection générale des finances relatif à l\'audit de gestion de l\'ORMVA du Haouz  + 2 pj', '2020-08-12', 'divers', '2020-08-12 14:00:09', '2020-08-12 14:00:09', NULL),
	(75, 'نظارة أوقاف مراكش', 'إعلان عن إجراء سمسرة عمومية بالمزايدة العلنية لكراء الاراضي الفلاحية و بيع غلة الزيتون عن الموسم الفلاحي 20200 /221', '2020-08-12', 'divers', '2020-08-12 14:10:48', '2020-08-12 14:10:48', NULL),
	(76, 'رئيس مصلة تدبير شبكة الري و صرف المياه بمكتب الحوز - مراكش', 'محضر و ملحق يتعلق بتحويل مياه السقي يتعلق ب 3 أشخاص', '2020-08-12', 'contentieux', '2020-08-12 14:19:48', '2020-08-12 14:19:48', NULL),
	(77, 'رئيس مصلة تدبير شبكة الري و صرف المياه بمكتب الحوز - مراكش', 'محضر و ملحق يتعلق بتحويل مياه السقي يتعلق ب 3 أشخاص', '2020-08-12', 'contentieux', '2020-08-12 14:24:06', '2020-08-12 14:24:06', NULL),
	(78, 'رئيس مصلة تدبير شبكة الري و صرف المياه بمكتب الحوز - مراكش', 'محضر و ملحق يتعلق بتحويل مياه السفي يخص 9 اشخاص', '2020-08-12', 'contentieux', '2020-08-12 14:27:03', '2020-08-12 14:27:03', NULL),
	(79, 'رئيس مصلة تدبير شبكة الري و صرف المياه بمكتب الحوز - مراكش', 'محضر و ملحق يتعلق بتحويل مياه السقي يخص شخص 1', '2020-08-12', 'contentieux', '2020-08-12 14:33:05', '2020-08-12 14:33:05', NULL),
	(80, 'Le chef du SGRID  - MARRAKECH -', 'PV  d\'infraction concernant  Mr MAHFOUD ES-SAID (1orig. + 3 \r\n copie )\r\nDevis Estimatif des dégats(1orig. + 3 \r\n copie )', '2020-08-12', 'expropriation', '2020-08-12 15:02:07', '2020-08-12 15:02:07', NULL),
	(81, 'ORMVAH  - MARRAKECH', 'Plan d\'action aux observation du Rapport Provisoire N° 6357 de l\'inspection Générale des Finances relatif à l\'Audit de Gestion de l\'Office Régionale de Mise en Valeur Agricole du Haouz', '2020-08-13', 'divers', '2020-08-13 12:06:40', '2020-08-13 12:06:40', NULL),
	(82, 'SGRID / ORMVAH - MARRAKECH -', 'PV d\'infraction c/messieursRachid Laassel et omar Laassel pj : (2) \r\n1 orig. + 3 copies\r\nDevis Estimatifs des dégat pj : (2)', '2020-08-13', 'contentieux', '2020-08-13 12:20:42', '2020-08-13 14:48:44', NULL),
	(83, 'Mr le chef du SPP / ORMVAH - Marrakech', 'Exécution du budget 2020 / situation  2020 au 31/07/2020', '2020-08-13', 'divers', '2020-08-13 14:53:12', '2020-08-13 14:53:12', NULL),
	(84, '- لوناسدة اقليم قلعة السراغنةمجموعة من فلاحين غابة لوناسدة', 'شكاية ضد رئيس مركز لوناسدة في شان اتلاف محصول زراعي و الإستحواد على ماء الري و استغلال سيارة  العمل', '2020-08-13', 'contentieux', '2020-08-13 15:00:00', '2020-08-13 15:00:00', NULL),
	(85, 'رئيس المجلس الجماعي لتمصلوحت - دائرة تحناوت قيادة تمصلوحت - عمالة إقليم الحوز', 'مشروع مرسوم نزع الملكية من أجل إنجاز حوض ترسيب الأوحال لتصفية مياه السقي بقطاع النفيس 1-2 الضفة اليمنى الجماعة الترابية تمصلوحت قيادة تمصلوحت إقليم الحوز \r\n-شهادة إيداع نشر - تعليق - و تبليغ.\r\n-سجل الملاحظات لنزع الملكية', '2020-08-13', 'expropriation', '2020-08-13 15:08:02', '2020-09-09 13:45:14', 'تم حفظه مع ملفات نزع الملكية 2020'),
	(86, 'RADEEMA - MARRAKECH', 'Facture d\'Eau', '2020-08-13', 'domanial', '2020-08-13 15:18:24', '2020-08-13 15:18:24', NULL),
	(87, 'RADEEMA - MARRAKECH', 'Factures électrique basse tension', '2020-08-13', 'domanial', '2020-08-13 15:20:19', '2020-08-13 15:20:19', NULL),
	(88, 'RADEEMA - MARRAKECH', 'Facture électrique basse tension', '2020-08-13', 'domanial', '2020-08-13 15:21:50', '2020-08-13 15:21:50', NULL),
	(89, 'RADEEMA - MARRAKECH', 'Factures Eau', '2020-08-13', 'domanial', '2020-08-13 15:22:56', '2020-08-13 15:22:56', NULL),
	(90, 'RADEEMA - MARRAKECH', 'Facture électrique moyen tension', '2020-08-13', 'domanial', '2020-08-13 15:24:16', '2020-08-13 15:24:16', NULL),
	(91, 'رئيس مصلة تدبير شبكة الري و صرف المياه بمكتب الحوز - مراكش', 'محضر و ملحق يتعلق بتحويل مياه السقي يخص 4 أ  شخاص', '2020-08-17', 'contentieux', '2020-08-17 14:12:57', '2020-08-17 14:22:06', NULL),
	(92, 'Mr le chef du SPP / ORMVAH - Marrakech', 'situation infractions impayées de l\'exercice 2020 du 17/07/2020', '2020-08-17', 'contentieux', '2020-08-17 14:15:40', '2020-08-17 14:15:40', NULL),
	(93, 'Mr le chef du SGRID/ ORMVAH - Marrakech', 'PV d\'infraction C / 9  personnes  ( 1 origi. + 3 copies )', '2020-08-17', 'contentieux', '2020-08-17 14:20:42', '2020-08-17 14:20:42', NULL),
	(94, 'Mr le chef du SPP / ORMVAH - Marrakech', 'Ordede de recettess N° 166/55 - 167/55 - 168/55 du 12/08/2020', '2020-08-18', 'contentieux', '2020-08-18 14:22:55', '2020-08-18 14:41:16', NULL),
	(95, 'Mr le chef du SPP / ORMVAH - Marrakech', 'Ordre de recettes N° 177/58 - 178/58 - 179/58 DU 17/08/2020', '2020-08-18', 'contentieux', '2020-08-18 14:44:22', '2020-08-18 14:44:22', NULL),
	(96, 'Mr le chef du SPP / ORMVAH - Marrakech', 'Ordre de recettes N° 175/57 - 176/57 du 17/08/2020', '2020-08-18', 'contentieux', '2020-08-18 14:47:19', '2020-08-18 14:47:19', NULL),
	(97, 'Mr le chef du SPP / ORMVAH - Marrakech', 'Ordre de recettes N° 173/57 - 174/57 du 17/08/2020', '2020-08-18', 'contentieux', '2020-08-18 14:50:50', '2020-08-18 14:50:50', NULL),
	(98, 'Mr le chef du SPP / ORMVAH - Marrakech', 'Ordre de recettes N° 169/56 - 170/56 - 171/56 - 172/56 \r\ndu  17/08/2020', '2020-08-18', 'contentieux', '2020-08-18 14:53:44', '2020-08-18 14:55:59', NULL),
	(99, 'اONEEP  -Branche électrique CDI  - Marrakech', '- Bordereau factures budget d\'investissement ORMVAH\r\n-Bordereau factures budget fonctionnement ORMVAH', '2020-08-19', 'domanial', '2020-08-18 15:16:48', '2020-08-19 13:22:41', NULL),
	(100, 'الأستاذة دينوري فاطمة محامية بهيئة  مراكش  - شارع العيون رفم 448 بجانب اتصالت المغرب', '2204 / SAF', '2020-08-18', 'contentieux', '2020-08-18 15:16:48', '2020-08-18 15:16:48', NULL),
	(101, 'رئيس مصلة تدبير شبكة الري و صرف المياه بمكتب الحوز - مراكش', 'محضر وملحق يتعلق بتحويل مياه السقي يخص  11 شخصا \r\n+ 2 نسختان لكل من المحضر لكل مخالف', '2020-08-19', 'contentieux', '2020-08-19 13:30:56', '2020-08-19 13:30:56', NULL),
	(102, 'Mr le chef du SPP / ORMVAH - Marrakech', 'ordre de recette N° 180/59 du 19/08/2020', '2020-08-24', 'contentieux', '2020-08-24 14:32:11', '2020-08-24 14:32:11', NULL),
	(103, 'Le Directeur du CMV431 -tamezgelft  - El kelaa des Sraghna', 'Facture d\'électricité du CMV tamezgelft - mos aout 2020', '2020-08-24', 'domanial', '2020-08-26 11:36:38', '2020-08-26 11:36:38', NULL),
	(104, 'Le Directeur de La Subdivision  du Haouz Central - Tamesloht', 'Facture d’électricité de La Subdivision  de Tamesloht \r\nmois 08/2020', '2020-08-24', 'domanial', '2020-08-26 11:43:58', '2020-08-26 11:43:58', NULL),
	(105, 'Le Directeur du CMV 432 - SAADA', 'Facture d\'éléctricité du CMV 432 - SAADA', '2020-08-24', 'domanial', '2020-08-26 11:48:37', '2020-08-26 11:48:37', NULL),
	(106, 'C D G  -Rabat               الرباط -     صندو ق الإيداع و التدبير', 'الموضوع  : التعويض عن نزع الملكية مشروع استصلاح السواقي التقليدية بجماعة العطاوية\r\nالحساب عدد : 0012820414500325\r\nقطعة : 246  - المرجع إرسال  عدد 787 بتاريخ 02/03/2020', '2020-08-24', 'expropriation', '2020-08-26 11:59:44', '2020-09-08 12:06:25', 'تم إرجاعه الى صندوق الايداع و التدبير مرفوقا بنسخة من عقد ثبوت الشخصية حديث العهد'),
	(107, 'رئيس مصلة تدبير شبكة الري و صرف المياه بمكتب الحوز - مراكش', '2 محضر و ملحق يتعلق بتحويل مياه السقي', '2020-08-24', 'contentieux', '2020-08-26 12:38:24', '2020-09-08 10:50:19', NULL),
	(108, 'le chef du SGRID / ORMVAH - Marrakech', 'PV d\'infraction concernant ( 7 ) personnes   ( 1 origin. + 3 copies )\r\nDevis Estimatif des dégâts ( 1 origin. + 3 copies )', '2020-08-24', 'contentieux', '2020-08-26 12:44:56', '2020-08-26 12:44:56', NULL),
	(109, 'ONEEP - Marrakech', 'Bordereau d\'envoi des Factures MT ORMVAH \r\nConsommation du mois 6/2020', '2020-08-24', 'domanial', '2020-08-26 12:50:32', '2020-08-26 12:50:32', NULL),
	(110, 'Le Directeur de ORMVA du  Haouz - CAM', 'Objet : Lancement de la dernière vague des Apels d\'offres', '2020-08-24', 'divers', '2020-08-26 13:09:57', '2020-08-26 13:09:57', NULL),
	(111, 'Le résponsable de la Cellule d\'Audit Interne - ORMVA du Haouz Marrakech', 'BE .  relatif au titre des notes de service n°4850/DOH/CAM du 06/08/2009 et n° 403/DOH/CAM du 04/02/2010\r\n-Procédures globales ORMVA du Haouz', '2020-08-25', 'divers', '2020-08-26 13:39:35', '2020-08-26 13:39:35', NULL),
	(112, 'رئيس مصلة تدبير شبكة الري و صرف المياه بمكتب الحوز - مراكش', 'ورقة إرسال -914-915-913 بتاريخ 31 و 27/08/2020 تحمل 3+1+2 محاضر و ملحق تتعلق بتحويل مياه السقي', '2020-08-31', 'contentieux', '2020-09-08 10:53:37', '2020-09-08 10:59:00', NULL),
	(113, 'Le Chef du Service du Matériel', 'lettre de déclaration d\'accident de circulation du 26/08/2020', '2020-09-07', 'divers', '2020-09-08 11:03:43', '2020-09-08 11:03:43', NULL),
	(114, 'رئيس جماعة الدزوز', 'ورقة إرسال حاملة لملف البحث الاداري المتعلق بنزع الملكية من أجل مشروع صهريج التخزين و التصفية مع أنبوب إمداد عالية ت2', '2020-09-02', 'expropriation', '2020-09-09 13:23:44', '2020-09-09 13:24:25', 'تم حفظه مع ملفات نزع الملكية 2020'),
	(115, 'le chef du Service de la Planification et de la Programmation', 'BE n° 536 du 03/09/2020 portant la liste des chèques impayés réglés durant la période du 01/01/2020 au 03/09/2020', '2020-09-10', 'contentieux', '2020-09-10 08:09:40', '2020-09-10 08:10:16', 'classé -chèques-'),
	(116, 'le Chef du Service du Matériel', 'Demande de carte SIM pour le poste de Mr Tariq Fahmi', '2020-09-11', 'divers', '2020-09-11 09:45:30', '2020-09-11 09:45:30', NULL),
	(117, 'le Chef du Service du Matériel', 'Déclaration d\'une collision (véhicule 220668M)', '2020-09-11', 'divers', '2020-09-11 09:47:08', '2020-09-11 09:47:08', NULL),
	(118, 'رئيسة مصلحة التجهيزات الهيدروفلاحية', 'وضعية عملية ضم الأراضي الفلاخية غدات 1', '2020-09-15', 'divers', '2020-09-15 09:16:09', '2020-09-15 09:16:09', NULL),
	(119, 'Le Chef du Service de la Gestion du Réseau d\'Irrigation et de Drainage', 'PV d\'infraction', '2020-09-15', 'contentieux', '2020-09-15 09:20:08', '2020-09-15 09:20:08', NULL),
	(120, 'Le Chef du Service de la Planification et de la Programmation', 'order de recette n° 181/60 de 07/08/2020\r\norder de recette n° 182/60 de 07/09/2020', '2020-09-15', 'contentieux', '2020-09-15 09:25:20', '2020-09-15 09:25:20', NULL),
	(121, 'رئيس مصلحة تدبير شبكة الري وصرف المياه', 'محضر خرجة ميدانية برفقة الدرك الملكي بالعطاوية بتاريخ 2020/07/24-\r\nختم مفتوح رقم 01-', '2020-09-15', 'contentieux', '2020-09-15 09:29:17', '2020-09-15 09:29:17', NULL),
	(122, 'le Chef du Service du Matériel', 'BE n° 127 du 10/09/2020 portant une copie de PV de la gendarmerie n° 1778 du 22/06/2020 (accident de Makane mustapha)', '2020-09-15', 'divers', '2020-09-15 09:45:23', '2020-09-15 13:57:04', NULL),
	(123, 'le Responsable du Système d\'Information', 'Mise en place de l\'authentification Windows', '2020-09-15', 'divers', '2020-09-15 09:48:38', '2020-09-15 09:48:38', NULL),
	(124, 'والي جهة مراكش آسفي عامل عمالة مراكش', 'اجتماع اللجنة الاقليمية للبث في طلبات فصل الاجراء', '2020-09-15', 'divers', '2020-09-15 09:53:28', '2020-09-15 09:53:28', NULL),
	(125, 'Architect AMIR AZZOUZ', 'demande de paiement des honoraires', '2020-09-16', 'divers', '2020-09-16 10:02:54', '2020-09-21 10:09:24', 'original reçu portant référence saf 1331 du 17/09/2020'),
	(126, 'نظارة أوقاف مراكش', 'إجراء سمسرة عمومية بتاريخ 30 شتنبر 2020', '2020-09-16', 'divers', '2020-09-16 10:04:23', '2020-09-16 10:04:23', NULL),
	(127, 'ONEEP / Branch Electr', 'B\r\n\r\nBE Factures Elect', '2020-09-16', 'divers', '2020-09-16 10:07:00', '2020-09-16 15:10:28', NULL),
	(128, 'رئيس مصلحة تدبير شبكة الري وصرف المياه', 'مخالفات تحويل مياه السقي', '2020-09-17', 'contentieux', '2020-09-17 13:29:14', '2020-09-17 13:29:14', NULL),
	(129, 'مدير المركز الفلاحي 412', 'فاتورة الكهرباء للمركز الفلاحي 412 بني عامر', '2020-09-17', 'divers', '2020-09-17 13:31:17', '2020-09-17 13:31:17', NULL),
	(130, 'مذكرة', 'برمجة إجراء الامتحانات المهنية برسم سنة 2020', '2020-09-17', 'decisions-notes', '2020-09-17 13:33:25', '2020-09-17 13:33:25', NULL),
	(131, 'Finéa', 'Rappel du privilège de Finéa sur marchés nantis pris en charge par le tresorier payeur de l\' ORMVAH', '2020-09-18', 'contentieux', '2020-09-18 10:41:51', '2020-09-21 10:11:14', NULL),
	(132, 'رئيسة مصلحة التجهيزات الهيدروفلاحية', 'التشطيب على مشروع نزع الملكية المسجل على الرسم العقتري 04/291452', '2020-09-21', 'expropriation', '2020-09-21 15:00:12', '2020-09-21 15:00:12', NULL),
	(133, 'رئيس مصلحة تدبير شبكة الري وصرف المياه', 'مخالفات سرقة المياه', '2020-09-21', 'contentieux', '2020-09-21 15:01:50', '2020-09-21 15:01:50', NULL),
	(134, 'الحاج الميلودي اشطيبي', 'تعرض حول إنشاء مشروع للتخزين و التصفية مع أنبوب عالي', '2020-08-31', 'expropriation', '2020-09-24 08:31:13', '2020-09-24 09:06:03', 'بصدد الجواب'),
	(135, 'Le Chef du Service de la Gestion du Réseau d\'Irrigation et de Drainage', 'PV d\'infraction concernant la société HBTR SARL (N°000203)', '2020-09-24', 'contentieux', '2020-09-24 08:41:28', '2020-09-24 08:41:28', NULL),
	(136, 'مدير المركز الفلاحي 401 السبابطة', 'إخبار بشآن قذائف بالستسكية مضادة للبرد', '2020-09-24', 'divers', '2020-09-24 08:45:22', '2020-09-24 08:45:22', NULL),
	(137, 'المحافظة العقارية الحوز', 'ست 6 شهادات للملكية خاصة بمشروع نزع الملكية H2 سيدي عبد الله غياث', '2020-09-29', 'expropriation', '2020-09-29 14:23:33', '2020-10-05 08:28:09', 'تم حفظها في ملف المشروع المعني (الشهادة 485/65 توصل بها يوم 02 اكتوبر 2020)'),
	(138, 'محكمة الاستئناف الادارية بمراكش', 'إشعار بدون صائر (مبلغ 1991 درهم)', '2020-10-01', 'contentieux', '2020-10-01 08:11:59', '2020-10-01 08:11:59', NULL),
	(139, 'محكمة الاستئناف الادارية بمراكش', 'إنذار من أجل أداء 1991 درهم', '2020-10-01', 'contentieux', '2020-10-01 08:14:26', '2020-10-01 08:14:26', NULL),
	(140, 'le chef du Service de la Planification et des Programmes', 'BE n° 620 du 30/09/2020 portant chèque n° BLA 5512566/CA et BKB 6654801/CA', '2020-10-01', 'contentieux', '2020-10-01 08:17:55', '2020-10-01 08:17:55', NULL),
	(141, 'Mr le chef du SPP / ORMVAH', '15 Ordres de recettes N° du 188-191/65; 192-195/66; 196-199/67; 200-202/68 du 28/09/2020', '2020-10-01', 'divers', '2020-10-01 08:26:40', '2020-10-01 08:26:40', NULL),
	(142, 'Mr le chef du SPP / ORMVAH', '2 Ordres de recettes N° du 183/61 et 184/61 du 16/09/2020 + 2 reçus original 194913 et 194914', '2020-10-01', 'divers', '2020-10-01 08:32:16', '2020-10-01 08:32:16', NULL),
	(143, 'le Directeur de l\'ORMVAH', 'note au sujet d\'un Système de Vidéosurveillance', '2020-10-01', 'decisions-notes', '2020-10-01 08:36:39', '2020-10-01 08:36:39', NULL),
	(144, 'Le Responsable de la Cellule d\'Audit Interne', 'réclamation concernant le numéro flotte mobile', '2020-10-01', 'divers', '2020-10-01 15:20:32', '2020-10-01 15:20:32', NULL),
	(145, 'le chef de la cellule d\'approvisionnement et de marches', 'convention N°2019 (rejet de la facture n° 2/2019)', '2020-10-05', 'divers', '2020-10-05 09:36:20', '2020-10-05 09:36:20', NULL),
	(146, 'وزارة الاقتصاد والمالية  وإصلاح الإدارة', 'إعلام بالضريبة', '2020-10-05', 'divers', '2020-10-05 14:54:33', '2020-10-05 14:54:33', NULL),
	(147, 'Le Chef du Service de la Planification et de la Programmation', 'situation d\'exécution des budgets d\'investissement et de fonctionnement de l\'ORMVAH EX 2020', '2020-10-05', 'divers', '2020-10-05 14:57:58', '2020-10-05 14:57:58', NULL),
	(148, 'Le Wali de la région de Marrakech- Safi', 'Réunion technique du comite préfectoral de l"eau', '2020-10-06', 'divers', '2020-10-06 10:49:21', '2020-10-06 13:41:58', NULL),
	(149, 'Le Chef du Service de la Planification et de la Programmation', 'ordre des recettes', '2020-10-06', 'contentieux', '2020-10-06 10:50:58', '2020-10-06 10:50:58', NULL),
	(150, 'Mr le chef du SPP / ORMVAH', 'BE n° 655 du 08/10/2020 portant la liste des chèques impayés réglés au 06/10/2020', '2020-10-09', 'contentieux', '2020-10-09 11:21:54', '2020-10-09 11:21:54', NULL),
	(151, 'Le Chef du Service de la Planification et de la Programmation', 'reunion sur l\'archivage de l\'office', '2020-10-09', 'divers', '2020-10-12 10:04:20', '2020-10-12 10:04:20', NULL),
	(152, 'Le Chef du Service de la Planification et de la Programmation', 'retour des infractions', '2020-10-12', 'contentieux', '2020-10-12 10:10:55', '2020-10-12 10:10:55', NULL),
	(153, 'منسق أنشطة مكتب الحوز بقلعة السراغنة', 'إخبار بتخريب بالقناة ت 2', '2020-10-12', 'divers', '2020-10-12 13:46:24', '2020-10-12 13:46:24', NULL),
	(154, 'سعيد أشيخ مراقب محلف', 'محضر معاينة تخريب بقناة ت 2', '2020-10-12', 'divers', '2020-10-12 13:48:44', '2020-10-12 13:48:44', NULL),
	(155, 'Le Chef du Service de la Planification et de la Programmation', 'إرجاع الشيكات الغير المست', '2020-10-12', 'contentieux', '2020-10-12 13:56:30', '2020-10-12 13:56:30', NULL),
	(156, 'المدير الجهوي للفلاحة - مراكش آسفي', 'اعتماد الخدمة الغ لكترونية في تدبير المراسلات\r\nالمرجع : إ رساليتي رقم 233 بتاريخ 4/6/2020 ورقم 306 بتاريخ 7/7/2020', '2020-10-14', 'divers', '2020-10-13 11:29:49', '2020-10-13 11:29:49', NULL),
	(157, 'Mr le chef du SPP / ORMVAH - Marrakech', 'situation d\'exécution des budgets d\'investissement et de fonctionnement de l\'ORMVA du Haouz - Exercice 2020', '2020-10-13', 'divers', '2020-10-13 11:36:41', '2020-10-13 11:36:41', NULL),
	(158, 'Mr le chef du EHA / ORMVAH - Marrakech', 'Réaménagement du club de l\'ORMVA du Haouz à Marrakech\r\nDemande de déplacement de compteurs électriques', '2020-10-13', 'domanial', '2020-10-13 11:44:12', '2020-10-13 11:44:12', NULL),
	(159, 'Mr le chef du SPP / ORMVAH - Marrakech', 'ordre de saisie - arrêt n°45/8105/2020 du 07/10/2020\r\ncopie des notes d\'observation de Trésorier Payeur n° 183-184-185 du 08/10/2020-marché n° 04/2018/ORMVAH - OP 469/455E', '2020-10-13', 'contentieux', '2020-10-13 11:57:48', '2020-10-13 11:57:48', NULL),
	(160, 'Mr le chef du SPP / ORMVAH - Marrakech', 'Objet : Réunion sur l\'archivage de l\'Office du Haouz', '2020-10-13', 'divers', '2020-10-13 12:00:41', '2020-10-13 12:00:41', NULL),
	(161, 'Mr le chef du SPP / ORMVAH - Marrakech', 'Ordres des  recettes n°s. 219-220-221-222/74 du 06/10/20250\r\n223-224-225-226/75 du 06/10/20250 - 227-228-229/76 du 06/10/20250', '2020-10-13', 'contentieux', '2020-10-13 12:09:35', '2020-10-13 12:09:35', NULL),
	(162, 'le chef de la subdivision du H.C - Tahannaout', 'facture électrique de la  sub. div di H.C', '2020-10-16', 'domanial', '2020-10-16 15:16:01', '2020-10-16 15:16:01', NULL),
	(163, 'Gouverneur Province d\'El Kelàa des Sraghna', 'MESSAGE N° 3990 DU 12/10/2020', '2020-10-16', 'divers', '2020-10-16 15:19:58', '2020-10-16 15:19:58', NULL),
	(164, 'مديرمكتب الحوز بمراكش', 'المذكرة رقم 2996 بتاريخ 12/10/2020 المتعلقة بالإمتحانات المهنية برسم 2020', '2020-10-16', 'divers', '2020-10-16 15:23:28', '2020-10-16 15:23:28', NULL),
	(165, 'Mr le chef du SPP / ORMVAH - Marrakech', 'Chèque orinal n)1572012 d\'un montant 281908.20du 12/10/2020', '2020-10-16', 'domanial', '2020-10-16 15:27:56', '2020-10-16 15:27:56', NULL),
	(166, 'RADEEMA - MARRAKECH', 'Facture Eau', '2020-10-16', 'domanial', '2020-10-16 15:30:21', '2020-10-16 15:30:21', NULL),
	(167, 'RADEEMA - MARRAKECH', 'Facture Moyenne Tension', '2020-10-16', 'domanial', '2020-10-16 15:31:51', '2020-10-16 15:31:51', NULL),
	(168, 'RADEEMA - MARRAKECH', 'Factures Eau', '2020-10-16', 'domanial', '2020-10-16 15:33:17', '2020-10-16 15:33:17', NULL),
	(169, 'RADEEMA - MARRAKECH', 'Factures Basse Tension', '2020-10-16', 'domanial', '2020-10-16 15:34:39', '2020-10-16 15:34:39', NULL),
	(170, 'RADEEMA - MARRAKECH', 'Factures Basse Tension', '2020-10-16', 'domanial', '2020-10-16 15:36:10', '2020-10-16 15:36:10', NULL),
	(171, 'المحكمة الإبتدائية بمراكش', 'أمر باستدعاء الأطراف للجلسة ذلك ليوم 02/11/2020', '2020-10-16', 'contentieux', '2020-10-16 15:39:25', '2020-10-16 15:39:25', NULL),
	(172, 'Ahmed Benabbés Taarji - PDG Groupe TIKIDA Hotel', 'Deux chèques instance', '2020-10-19', 'contentieux', '2020-10-19 15:19:46', '2020-10-19 15:19:46', NULL),
	(173, 'ONEEP - Marrakech', 'BE. des Factures BI et BF ORMVAH', '2020-10-19', 'domanial', '2020-10-19 15:26:14', '2020-10-19 15:26:14', NULL),
	(174, 'Le Directeur provincial de l\'Equipement du Transport et de la logistique de Marrakech  de', 'Travaux d\'élargissement et de renforcement de la RR 212 du PK 10+000 au PK 26+600 Préfecture de Marrakech', '2020-10-19', 'expropriation', '2020-10-20 09:22:44', '2020-10-20 09:22:44', NULL),
	(175, 'المحكمة الإدارية بالدار البيضاء', 'استدعاء للجلسة ليوم 27/10/2020 على الثانية عشرة زوالا', '2020-10-16', 'contentieux', '2020-10-20 09:52:11', '2020-10-20 09:52:11', NULL),
	(176, 'E268521 الساكن بدوار اسحينة أولاد حسون مراكش السيد عبد الجليل سيسوب ت و رقم', 'طلب الإذن بإنجاز رسم استمرار', '2020-10-16', 'divers', '2020-10-20 09:58:58', '2020-10-20 09:58:58', NULL),
	(177, 'Mr le chef du SPP / ORMVAH - Marrakech', 'Ordre de recette n°230/77 du 09/10/2020', '2020-10-16', 'contentieux', '2020-10-20 10:06:45', '2020-10-20 10:06:45', NULL),
	(178, 'Mr le chef du SPP / ORMVAH - Marrakech', 'Ordre de saisie-arrêt n° 51/8506/2020 du 09/10/2020\r\nrefé. votre envoi n° 374/ORMVAH/FAF/BJD du  09/10/2020', '2020-10-16', 'contentieux', '2020-10-20 10:12:04', '2020-10-20 10:12:04', NULL),
	(179, 'ناظر أوقاف مراكش', 'إعلان بإجراء سمسرة عمومية بالمزايدة العمومية لكراء أملاك حبسية  حضرية وذلك بتاريخ يوم الأربعاء 28  أكتوبر 2020', '2020-10-21', 'divers', '2020-10-21 14:59:13', '2020-10-21 14:59:13', NULL),
	(180, '- من عامل إقليم قلعة السراغنة إلى المدير الإقليمي لوزارة الفلاحة -  بقلعة السراغنة', 'تذكير ثاني \r\nالمرجع : رسالتي عدد 1111 بتاريخ 04/03/2020', '2020-10-21', 'divers', '2020-10-21 15:15:31', '2020-10-21 15:15:31', NULL),
	(181, 'Mr le chef du SPP / ORMVAH - Marrakech', 'Ordre de saisie-arret n°45/8105/2020 DU 07/10/2020\r\nCopie des notes d\'observations du Trésorier Payeur n° 193-194-195', '2020-10-21', 'contentieux', '2020-10-21 15:24:21', '2020-10-21 15:24:21', NULL),
	(182, 'Mr le chef du SPP / ORMVAH - Marrakech', 'projet de la procédure de traitement des chèques impayés', '2020-10-23', 'contentieux', '2020-10-23 10:27:51', '2020-10-23 10:27:51', NULL),
	(183, 'إدريس حمدوي مهندس طبغرافي ؤمرخص من طرف الدولة خبير محلف لدى محكمة الإستأناف بمراكش', 'المحكمة الإدارية بمراكش  ملف عدد 2019/7112/850 الموضوع إجراء خبرة ذلك يوم 12/11/2020', '2020-10-23', 'contentieux', '2020-10-23 10:33:52', '2020-10-23 10:33:52', NULL),
	(184, 'Maroc télécom  -   ittissalat  Almaghrib', 'v.Réfé. facture 0001527729102020 a pour montant : 26.174,17 du 28/10/2020 période de fac. 09/2020', '2020-10-26', 'domanial', '2020-10-27 08:48:27', '2020-10-27 08:48:27', NULL),
	(185, 'من قائدتمصلوحت قيادة تحناوت دائرة تحناوت  -عمالة إقليم الحوز', 'إجراء خبرة تكميلية لقطعة أرضية لمشروع تصفية مياه السقي كتاب السيد المدير الجهوي للإستثمار الفلاحي رقم 2958 بتاريخ 07/10/2020', '2020-10-27', 'expropriation', '2020-10-27 08:58:35', '2020-10-27 08:58:35', NULL),
	(186, 'Le chef du SEHA  - MARRAKECH -', 'Réaménagement du club de l\'ORMVAH à Marrakech\r\nDemande de déplacement de compteurs électriques', '2020-10-27', 'domanial', '2020-10-27 09:04:44', '2020-10-27 09:04:44', NULL),
	(187, 'ONE . DR de Bni Melal agence des Services  d\'Azilal', 'B.E des facture BT et MT  3ème Trimestre 2020', '2020-10-27', 'domanial', '2020-10-27 09:12:45', '2020-10-28 10:14:12', 'à transmettre au SGRID'),
	(188, 'Le chef du SEHA  - MARRAKECH -', 'Marché n° 42/2018/ORH', '2020-10-27', 'expropriation', '2020-10-27 15:08:55', '2020-10-27 15:08:55', NULL),
	(189, 'ONE.EP Branche éléctrique', 'BE des Factures MT', '2020-10-27', 'domanial', '2020-10-27 15:11:12', '2020-10-28 10:03:03', 'à  transmettre au SGRID'),
	(190, 'عامل إقليم الحوز بتحناوت', 'نسخة من طلب الموافقة لاستغلال مكتب و مستودعين تابعين لمكتب الاستثمار الفلاحي بتحناوت توصلت به مصالح هذه العمالة من رئيس تعاونية النهوض لتربية المواشي الكائنة بالجماعة الترابية  أغواطيم بهدف تخزين الأعلاف حسب ما جاء في الطلب', '2020-10-28', 'divers', '2020-10-28 14:32:44', '2020-10-28 14:32:44', NULL),
	(191, 'قائد ملحقة الزيتون باشوية آيت أورير عمالة إقليم الحوز', 'العقارات المنقولة ملكيتها إلى الدولة ( الملك الخاص ) حول حيازة العقار الموضوع الرسم    \r\n العقاري عدد 12685/م مسترجع في إطار تطبيق مقتضيات الظهير 02 مارس 1973', '2020-10-28', 'divers', '2020-10-28 15:13:56', '2020-10-28 15:19:31', NULL),
	(192, 'Mr le chef du SPP / ORMVAH - Marrakech', 'Préparation du projet budget d\'investissement 2021 / Actions d\'appui', '2020-10-28', 'divers', '2020-10-28 15:17:21', '2020-10-28 15:17:21', NULL),
	(193, 'Mr le chef du SPP / ORMVAH - Marrakech', 'la saisi dossier exécutive n° 51/8506/2020\r\n-copie de note d\'observation du trésorier n°203 et 205', '2020-11-02', 'contentieux', '2020-11-02 15:10:21', '2020-11-02 15:10:21', NULL),
	(194, 'CMVA DE TAHANNAOUT- Le Pacha de la ville de tahannaout', 'PV . Suite au message gubernatorial n°5363/PH/DAI/SMP en date de 24/09/2020', '2020-11-02', 'domanial', '2020-11-02 15:20:37', '2020-11-02 15:20:37', NULL),
	(195, 'PROVINCE D\'ELKELAA DES SRAGHNA', 'PV Sure la lettre n° 2754 du 21/09/2020', '2020-11-02', 'divers', '2020-11-02 15:32:26', '2020-11-02 15:35:11', NULL),
	(196, 'القائد رئيس الملحقة الإدارية مراكش', 'إزالة بنايتين قديمتين  المرجع : زيارة الجنة المختلطة لعين المكان بتاريخ  13 أكتوبر 2020', '2020-11-02', 'divers', '2020-11-02 15:41:58', '2020-11-02 15:41:58', NULL),
	(197, 'Le Chef  de la CAM -ORMVAH - Marrakech', 'CONVENTION N° 2\r\nF - 0017464/20 F-0017465  F-0017466/20  F-0017467 +   " 4 " \r\n JOURNAL  -( P J ORIG)', '2020-11-03', 'divers', '2020-11-03 09:48:07', '2020-11-03 09:48:07', NULL),
	(198, 'Le Chef  de la CAM -ORMVAH - Marrakech', 'CONVENTION N° 1/2020\r\n F-0024035/20 F-0024036/20 F-0024037 + PJ ORIG\r\nCONVENTION  N° 2 / 2018\r\nF- 0034339/20 F- 0029181/20 F- 0034338 + PJ ORIG', '2020-11-03', 'divers', '2020-11-03 14:10:58', '2020-11-03 14:10:58', NULL),
	(199, 'ناظر أوقاف مراكش', 'إعلان عن إعادة إجراء سمسرة عموميةلكراء ما تبقى من غلة الزيتون بالبنايات التابعة لنظارة أوقاف مراكشعن الموسم الفلاحي 2020/2021', '2020-11-03', 'divers', '2020-11-03 14:16:51', '2020-11-03 14:16:51', NULL),
	(200, 'ناظر أوقاف مراكش', 'إعلان عن إعادة إجراء سمسرة عموميةلكراء ما تبقى من غلة الزيتون بالبنايات التابعة لنظارة أوقاف مراكش عن الموسم الفلاحي 2020/2021', '2020-11-03', 'divers', '2020-11-03 14:24:35', '2020-11-03 14:38:12', NULL),
	(201, 'وزارة الفلاحة و الصيد البحري و التنمية القروية  و المياه و الغابات', 'بشأن دراسة إمكانيات التصديق على اتفاقية العمل الدولية رقم 184 لسنة 2001 بشأن السلامة و الصحة في الزراعة', '2020-11-03', 'divers', '2020-11-03 14:31:56', '2020-11-05 11:55:54', NULL),
	(202, 'ناظر أوقاف مراكش', 'إعلان عن إعادة إجراء سمسرة عموميةلكراء ما تبقى من غلة الزيتون بالبنايات التابعة لنظارة أوقاف مراكش عن الموسم الفلاحي 2020/2021', '2020-11-03', 'divers', '2020-11-03 14:39:47', '2020-11-03 14:39:47', NULL),
	(203, 'من رئيس كتابة الضبط بالمحكمة الإدارية   بمراكش', 'إشهاد متعلق بنزع الملكية  بناء على مراسلتكم عدد 2959 بتاريخ 07/10/2020', '2020-11-03', 'expropriation', '2020-11-03 14:43:46', '2020-11-03 14:44:55', NULL),
	(204, 'شارع عبد الكريم الخطابي عمارة المهنذزبلوك "س" الطابق 2 شقة 5 مراكش أستاذ يوسف بنجبالي موثق', 'طلب التشطيب على مشروع نزع الملكية صك عقاري عدد 3873/م', '2020-11-03', 'expropriation', '2020-11-03 14:54:05', '2020-11-03 14:58:10', NULL),
	(205, 'محكمة الإستأناف الإدارية بمراكش', 'أمر بتبليغ المقال الإفتتاحي و استدعاء الأطراف للجلسة 11/11/2020 على الساعة 9.30\r\nملف 2020/7110/207', '2020-11-03', 'contentieux', '2020-11-03 15:05:07', '2020-11-03 15:05:07', NULL),
	(206, 'محكمة الإستأناف الإدارية بمراكش', 'أمر بتبليغ المقال الإفتتاحي و استدعاء الأطراف لجلسة 11/11/2020 على الساعة 9.30\r\nملف رقم 2020/7110/205', '2020-11-03', 'contentieux', '2020-11-03 15:11:29', '2020-11-03 15:11:29', NULL),
	(207, 'محكمة الإستأناف الإدارية بمراكش', 'أمر بتبليغ المقال الإفتتاحي و استدعاء الأطراف لجلسة 11/11/2020 على الساعة 9.30\r\nملف عدد 2020/7110/208', '2020-11-03', 'contentieux', '2020-11-03 15:14:47', '2020-11-03 15:14:47', NULL),
	(208, 'محكمة الإستأناف الإدارية بمراكش', 'أمر بتبليغ المقال الإفتتاحي و استدعاء الأطراف لجلسة 11/11/2020 على الساعة 9.30\r\nملف عدد 2020/7110/206', '2020-11-03', 'contentieux', '2020-11-03 15:28:49', '2020-11-03 15:28:49', NULL),
	(209, 'Mr le chef du SPP / ORMVAH - Marrakech', 'situation d\'exécution des budgets d\'investissement et de fonctionnement de L \'ORMVAH Exercice 2020 \r\nsituation du 30/10/2020', '2020-11-03', 'divers', '2020-11-03 15:33:52', '2020-11-03 15:33:52', NULL),
	(210, 'Le Gouverneur Province d\'El Kelàa des Sraghna', 'Message relatif aux produits à risques stockes au niveau des CMV\r\nRéf. mon message N° 3994 du 13/10/2020', '2020-11-04', 'divers', '2020-11-04 09:51:33', '2020-11-04 09:51:33', NULL),
	(211, 'Mr le chef du SPP / ORMVAH - Marrakech', 'Ordre de recette n°267/90 du 02/11/2020\r\nau nom de BENADESLAM Rachid montant 1000,00 dh', '2020-11-04', 'divers', '2020-11-04 09:59:05', '2020-11-04 09:59:05', NULL),
	(212, 'Mr le chef du SPP / ORMVAH - Marrakech', 'Contrat relative à la location de la chèvrerie située à 20 Km de la route de Tahannaout', '2020-11-04', 'domanial', '2020-11-04 10:12:22', '2020-11-04 10:12:22', NULL),
	(213, 'المليجي العربي  الدار البيضاء', 'التعرض على الإستفادة من دعم الدولة الخاص للإستفادة من السقي الموضعي من طرف حسن لمليجي', '2020-11-16', 'divers', '2020-11-16 11:31:00', '2020-11-16 11:31:00', NULL),
	(214, 'العربي لمليجي  الدار البيضاء', 'الإخبار بفسخ عقد الإستغلال وكذلك بأن الأرض في ملكه', '2020-11-16', 'divers', '2020-11-16 11:38:33', '2020-11-16 11:39:05', NULL),
	(215, 'le coordinateur des activité de l\'ORMVAH dans la province d\'El Kelàa des Sraghna', 'Message n° 4252 du 02/11/2020 provenant de la Province d\'el Kelàa concernant les produits risqués  stocks au niveau des CMV', '2020-11-16', 'divers', '2020-11-16 11:58:28', '2020-11-16 11:58:28', NULL),
	(216, 'منسق أنشطة مكتب الحوز - قلعة السراغنة', 'محاضر وضعية المبيدات و الاسمدة ووسائل محاربة البرد بالمراكز الفلاحية 410-401-404', '2020-11-16', 'divers', '2020-11-16 12:15:51', '2020-11-16 12:15:51', NULL),
	(217, 'المحكمة الإدارية بمراكش', 'أمر بتبليغ المقال الإفتتاحي واستدعاء الأطراف للجلسة ذلك ليوم 02/12/2020ملف رقم  2020/7112/787', '2020-11-10', 'contentieux', '2020-11-20 10:24:50', '2020-11-20 10:24:50', NULL),
	(218, 'الأستاذ يونس بنجبالي موثق', 'طلب التشطيب على مشروع نزع الملكية', '2020-11-17', 'expropriation', '2020-11-20 10:28:33', '2020-11-20 10:28:33', NULL),
	(219, 'ONEEP - Marrakech', 'B E  des factures BF et BI', '2020-11-17', 'domanial', '2020-11-20 10:33:35', '2020-11-20 10:33:35', NULL),
	(220, 'من قائد تمصلوحت  عمالة الحوز', 'إجراء  خبرة تكميلية لقطعة أرضية امشروع تصفية مياه السقي \r\nالمرجع كتاب السيد المدير الجهوي للإستثمار الفلاحي رقم 2958 بتاريخ  07/10/2020 \r\nكتابي عدد 84 بتاريخ  15/10/2020', '2020-11-17', 'expropriation', '2020-11-20 10:42:19', '2020-11-20 10:42:19', NULL),
	(221, 'ONEEP - Marrakech', 'Factures MT consommation du mois 10/2020', '2020-11-23', 'domanial', '2020-11-24 10:35:24', '2020-11-24 10:35:24', NULL),
	(222, 'الأستاذ الفقير عبد الرحمان محامي بهيئة مراكش مقبول للترافع أمام محكمة النقض', 'إعذار عن طريق المفوض القضائي عبد الكريم الرحالي', '2020-11-23', 'contentieux', '2020-11-24 10:45:27', '2020-11-24 10:45:27', NULL),
	(223, 'رئيس مصلة تدبير شبكة الري و صرف المياه بمكتب الحوز - مراكش', 'محضر ملحق يتعلق بتحويل مياه السقي يخص 7 أشخاص', '2020-11-23', 'contentieux', '2020-11-24 10:49:35', '2020-11-24 10:49:35', NULL),
	(224, 'Mr le chef du SPP / ORMVAH - Marrakech', 'Ordre de recette n° 279-280-281-282-283-284-285 / 93 du 16/11/2020', '2020-11-23', 'contentieux', '2020-11-24 10:54:56', '2020-11-24 10:54:56', NULL),
	(225, 'Mr le chef du SPP / ORMVAH - Marrakech', 'Ordres de recettes n°272-273-274-275-276-277-278 / 92 du 16/11/2020', '2020-11-23', 'contentieux', '2020-11-24 11:00:08', '2020-11-24 11:00:08', NULL),
	(226, 'رئيس مصلحة التجهيز الهدروفلاحي بمكتب الحوز', 'طلب إنجاز تصميم طوبوغرافي من أجل إعداد عقد استمرار\r\nالمرجع : ورقة الإرسال عدد 836 بتاريخ 11/06/2020', '2020-11-20', 'expropriation', '2020-12-02 14:29:36', '2020-12-02 14:50:14', NULL),
	(227, 'Mr le chef du SPP / ORMVAH - Marrakech', 'Ordre de recette n° 268-269-270-271 / du 16/11/2020', '2020-11-23', 'contentieux', '2020-12-02 14:55:45', '2020-12-02 14:55:45', NULL),
	(228, 'مدير المركز الفلاحي  411   لوناسدة - قلعة السراغنة -', 'تزويد المركز الفلاحي بالماء الصالح للشرب', '2020-11-24', 'domanial', '2020-12-02 15:00:44', '2020-12-02 15:00:44', NULL),
	(229, 'رئيس مصلحة التجهيز الهدروفلاحي بمكتب الحوز', 'التشطيب على مشروع نزع الملكية المسجل على الرسم العقاري عدد 281562/04', '2020-11-25', 'expropriation', '2020-12-02 15:05:24', '2020-12-02 15:05:24', NULL),
	(230, 'من قائد قيادة تمصلوحت دائرة تحناوت عمالة إقليم الحوز', 'حول طلب رأي المكتب الجهوي للإستثمار الفلاحي للحوز تسليم شهادة إدارية المتعلقة بالعقار الغير محفظ', '2020-11-25', 'expropriation', '2020-12-02 15:23:40', '2020-12-02 15:23:40', NULL),
	(231, 'Mr le chef du SPP / ORMVAH - Marrakech', 'Ordre de recette n° 279-280-281-282-283-284-285/93 du 16/11/2020', '2020-11-23', 'contentieux', '2020-12-03 09:47:56', '2020-12-03 09:47:56', NULL),
	(232, 'Mr le chef du SPP / ORMVAH - Marrakech', 'Ordre de recette n° 272-273-274-275-276-277-278 / 92 du 16/11/2020', '2020-11-23', 'contentieux', '2020-12-03 10:57:44', '2020-12-03 10:57:44', NULL),
	(233, 'المحكمة التجارية بمراكش', 'امر بتبليغ المقال الإفتتاحي و استدعاء الاطراف لجلسة 01/12/2020         \r\nملف رقم 731/8107/2020', '2020-11-26', 'contentieux', '2020-12-03 11:07:57', '2020-12-03 11:07:57', NULL),
	(234, 'Maroc télécom  -   ittissalat  Almaghrib', 'Factures Téléphonique du mois 10/2020 a pour montant 25720.98', '2020-11-26', 'domanial', '2020-12-03 11:18:01', '2020-12-03 11:18:01', NULL),
	(235, 'Mr le chef du SPP / ORMVAH - Marrakech', 'Ordre de recette n°286-287-288-289-290-291-292 /94 du 23/11/2020', '2020-11-30', 'contentieux', '2020-12-03 11:23:08', '2020-12-03 11:23:08', NULL),
	(236, 'Mr le chef du SPP / ORMVAH - Marrakech', 'Ordre de recette n° 293-297-298-299-300-294-295-296-301-302-303 /95 du 23/11/2020', '2020-11-30', 'contentieux', '2020-12-03 11:27:27', '2020-12-03 11:27:27', NULL),
	(237, 'Mr le chef du SPP / ORMVAH - Marrakech', 'Ordre de recette n° 304-305-306-307-308-309-310-311-312-313-314-315-316-317-318-319-²320 /97', '2020-11-30', 'contentieux', '2020-12-03 11:31:23', '2020-12-03 11:31:23', NULL),
	(238, 'Le Directeur du CMV431 -tamezgelft  - El kelaa des Sraghna', 'Facture d\'électricité du CMV 431 -Tamezgelf du mois 12/2020', '2020-11-30', 'domanial', '2020-12-03 14:17:16', '2020-12-03 14:17:16', NULL),
	(239, 'ORMVAH / SAF / BPOS', 'Décision  N°3536 du 30/11/2020', NULL, 'divers', '2020-12-03 14:22:39', '2020-12-03 14:22:39', NULL),
	(240, 'المحكمة الإدارية بمراكش', 'أمر بتبليغ المقال الإفتتاحي و استدعاء الأطراف لجلسة 23/12/2020\r\nملف رقم 2020/7105/833', '2020-12-01', 'contentieux', '2020-12-03 14:28:13', '2020-12-03 14:28:13', NULL),
	(241, 'Gouverneur Préfecture de Marrakech', 'Réunion du 01/12/2020 à 10h30', '2020-12-01', 'divers', '2020-12-03 14:37:41', '2020-12-03 14:37:41', NULL),
	(242, 'Gouverneur Province d\'Al Haouz - TAHANNAOUT', 'Destruction de coffrets d\'explosif et de fudées spécial - CMV 429 Tahannaout\r\n note n°2753 OH/SAF/BJD di 21/09/2020\r\nP.J : PVde la commission compétente réunie en date du 29/9/2020', '2020-12-01', 'divers', '2020-12-03 14:50:58', '2020-12-03 14:50:58', NULL),
	(243, 'مدير المركز الفلاحي  403  الفريطة', 'طلب استعطاف قصد ربط السكن الإداري بالماء الصالح للشرب لفائدة السيد أحمد العطار', '2020-12-02', 'domanial', '2020-12-03 14:58:09', '2020-12-03 14:59:58', NULL),
	(244, 'Société TINTAR Fourniture SARL A.U', 'Offre de Service', '2020-12-02', 'divers', '2020-12-03 15:03:27', '2020-12-03 15:03:27', NULL),
	(245, 'Société K.D Fourniture SARL A.U', 'Offre de Service', '2020-12-02', 'divers', '2020-12-03 15:06:00', '2020-12-03 15:06:00', NULL),
	(246, 'ناظر أوقاف مراكش', 'إعلان عن إجراء سمسرة علنية و عمومية لكراء الأراضي الفلاحية بالنيابات التابعة  لنظارة أوقاف مراكش عن الموسم الفلاحي 2020/2021', '2020-12-04', 'divers', '2020-12-09 14:15:07', '2020-12-09 14:15:07', NULL),
	(247, 'العلوي الهاروني مولاي يوسف - المركز الفلاحي أولاد اصبيح - قلعة السراغنة', 'طلب رخصة لربط السكن الوظيفي بالمركز الفلاحي اولاد اصبيح  بالماء الصلح للشرب', '2020-12-07', 'domanial', '2020-12-09 14:22:40', '2020-12-09 14:22:40', NULL),
	(248, 'الأستاذ أيت بعني حميد  - موثق جليز مراكش', 'طلب إبراء عن عدم استغلال ماء السقي بالقطعة الفلاحية التواجدة بدوار الكرن آيت أورير ذات E220320الصك العقاري', NULL, 'contentieux', '2020-12-09 14:58:00', '2020-12-09 15:03:28', NULL),
	(249, 'ناظر أوقاف مراكش', 'إعلان عن إجراء سمسرة عمومية بالمزايدة العلنية لكراء أملاك حبسية حضرية و ذلك بتاريخ يوم الخميس 26 نونبر 2020', '2020-12-04', 'divers', '2020-12-09 15:09:07', '2020-12-09 15:09:07', NULL),
	(250, 'رئيس مصلة تدبير شبكة الري و صرف المياه بمكتب الحوز - مراكش', 'نسخة من رسالة السيد قائد قيادة تمصلوحت بخصوص شهادة إ دارية لعقار غير محفظ \r\nنسخة من التصميم التجزيئي للعقار موضوع الطلب - ورقة الإرسال رقم 420 م ح / م إ م / م د ق أ - نسخة من عناصر إجابة السيد رئيس ملحقة الحوز الأوسط بخصوص الموضوع', '2020-12-07', 'divers', '2020-12-09 15:21:13', '2020-12-09 15:21:13', NULL),
	(251, 'Le Chef du Service du Materiel PI', 'Opération de la vente des véhicules mis à la réforme\r\ncopie de la décision n°3667 / ORMVAH /SM/BAI', '2020-12-08', 'divers', '2020-12-09 15:34:56', '2020-12-09 15:34:56', NULL),
	(252, 'Gouverneur Province d\'Al Haouz - TAHANNAOUT', 'Commission  effectuera le mardi 08/12/2020 à10h', '2020-12-08', 'divers', '2020-12-15 15:03:16', '2020-12-15 15:03:16', NULL),
	(253, 'مدير المكتب الجهوي للإستثمار الفلاحي للحوز بمراكش', 'تبسيط المساطر الإدارية  القانون رقم   55.19', '2020-12-08', 'contentieux', '2020-12-15 15:08:59', '2020-12-15 15:08:59', NULL),
	(254, 'Le Chargé de la gestion du CMV 408 -TAMELALET-', 'Demande d\'attribution de logement au sein du CMV Tamelalte', '2020-12-09', 'domanial', '2020-12-15 15:14:21', '2020-12-15 15:14:21', NULL),
	(255, 'منسق أنشطة مكتب الحوز - قلعة السراغنة', 'إرسالية من وزارة الإقتصاد و الماليةبرسم السكن و رسم الخدمات الجماعية', '2020-12-09', 'domanial', '2020-12-15 15:20:01', '2020-12-15 15:20:01', NULL),
	(256, 'مدير المركز الفلاحي  410 - أولاد بوكرين', 'جواب على إرسلية رقم 74/34 بخصوص الإستهلاك المفرط للكهرباء', '2020-12-09', 'domanial', '2020-12-15 15:26:48', '2020-12-15 15:26:48', NULL),
	(257, 'مدير المركز الفلاحي  410 - أولاد بوكرين', 'جواب على إرسلية رقم 74/34 بخصوص الإستهلاك المفرط للكهرباء', '2020-12-09', 'domanial', '2020-12-15 15:32:34', '2020-12-15 15:32:34', NULL),
	(258, 'Polyclinique les Narcisses - Marrakech -', 'Accident du Travail du 08/12/2020  c/ OULED LARBI Abdelghani ITT ( 30 ) jours', '2020-12-09', 'contentieux', '2020-12-15 15:39:32', '2020-12-15 15:39:32', NULL),
	(259, 'الأستاذة فاطمة الشرايكي محامية بهيئة مراكش', 'مرجعي  : 6294  -  المحكمة الإبتدائية بفلعة السراغنة\r\nشكاية عدد 2018/3101/3675 \r\nملف عدد : 2020/2102/4624', '2021-01-05', 'contentieux', '2021-03-01 14:04:40', '2021-03-01 14:04:40', NULL),
	(260, 'Le Chef de la C A M - O R M V A du HAOUZ - MARRAKECH', 'Programme prévisionnel de l\'O R M V A du Haouz \r\n                      de L\'exercice 2021', '2021-03-05', 'divers', '2021-03-01 14:59:20', '2021-03-01 14:59:20', NULL),
	(261, 'Polyclinique Les Narcisses - MARRAKECH -', 'A.T C/ Mr COURAM  Hamid  du 05/01/2021\r\n - I T T  de (45js )', '2021-01-06', 'contentieux', '2021-03-01 15:12:31', '2021-03-01 15:12:31', NULL),
	(262, 'لحسن عزوزي مفوض قضائي لدى محاكم مراكش / الهاتف المحمول  06 62 43 84 90', 'ملف تنفيديي عدد  492/7601 /2020  بتاريخ 03/12/2014 \r\nمحضر غعدار بالاداء  مبلغ : 61 464،00', '2021-01-06', 'contentieux', '2021-03-02 09:58:37', '2021-03-02 09:58:37', NULL),
	(263, 'Mr Le Chef du SPP / ORMVAH MARRAKECH', 'Rrevision des prix des barèmes des préstations de services rendus au tières au titre de l\'exercice 2021 ( basé sur le dossier  tarif en vigueur celui de l\'exercice 2017', '2021-01-06', 'divers', '2021-03-02 10:08:47', '2021-03-02 10:09:58', NULL),
	(264, 'Polyclinique Les Narcisses - MARRAKECH -', 'A.T Certficat de prolongation c/ M abdelghani OULEDLARBI (15 js ) du 08/12/2020', '2020-12-07', 'contentieux', '2021-03-02 10:15:31', '2021-03-02 10:15:31', NULL),
	(265, 'Le Gueuverneur de la Province d\'el kelàa des sraghna', 'Des fusées antigrelles Hors usage Stok au niveau des CMV', '2021-01-08', 'divers', '2021-03-02 10:51:33', '2021-03-09 14:16:07', NULL),
	(266, 'المحافظ على الأملاك العقارية  بقلعة السراغنة', 'كشف لوجيبات مصلحة المحافظة العقارية بقلعة السراغنة يتعلق بتقييدمشروع مرسوم نزع الملكية لأجل المنفعة العامة \r\nتم حصر الوجيبيات المستحقة  في مبلغ : 3000،00 درهم', '2021-01-08', 'expropriation', '2021-03-05 09:13:08', '2021-03-05 09:13:08', NULL),
	(267, '-رئيسة مصلحة التزهيز الهدروفلاحي بمكتب الحوز - مراكش', 'طلب تجديد وثيقة رفع اليد للرسم العقاري عدد 04/20452', '2021-01-08', 'expropriation', '2021-03-05 09:20:32', '2021-03-05 09:20:32', NULL),
	(268, 'Wali Rregion Marrakech Safi - Gouverneur Prefecture Marrakech / Chef du Cercle Saàda', 'Commission Prefectorale D\'explosifs\r\nMon Méssage N° 19748 du 25/12/2020', '2021-01-08', 'divers', '2021-03-05 09:29:01', '2021-03-05 09:29:01', NULL),
	(269, 'Wali Rregion Marrakech Safi', 'Commission Prefectorale d\'explosifs\r\nMon Méssage N° 19748 du 25/12/2020', '2021-01-13', 'divers', '2021-03-05 11:13:50', '2021-03-05 11:13:50', NULL),
	(270, 'Le Chef du SPP', 'Cloture comptable au titre de l\'exercice 2020\r\nref : envoi N° 44/ORH/CAI du 04/11/2020', '2021-01-13', 'divers', '2021-03-05 11:29:29', '2021-03-05 11:29:29', NULL),
	(271, 'Le Chef du SPP', 'Expropriation CR. Sidi Abdellah Ghiat : PV. C/Alaoui my Abdemalek \r\net PV C/ Alaoui my Abdeslam  : fait retour', '2021-01-13', 'expropriation', '2021-03-05 11:38:08', '2021-03-05 11:38:08', NULL),
	(272, 'Le Gueuverneur de la Province d\'el kelàa des sraghna', 'A/S Des fusées antigrelle Hors Usage', '2021-01-13', 'divers', '2021-03-09 14:29:50', '2021-03-09 14:29:50', NULL),
	(273, 'Ministètr de l\'Agriculture et de la peche maritimeet du Développement', 'Mise en place des cridit au titre de l\'exercice budgétaire 2021', '2021-01-14', 'divers', '2021-03-09 15:26:17', '2021-03-09 15:26:17', NULL),
	(274, 'O N E et E P /  MARRAKECH', 'Bordereau des factures budget de fonctionnement O R M V A H', '2021-01-14', 'domanial', '2021-03-09 15:33:12', '2021-03-09 15:33:12', NULL),
	(275, 'RADEEMA - MARRAKECH', 'Facture Eau du mois 12/2020', '2021-01-18', 'domanial', '2021-03-11 10:25:42', '2021-03-11 10:25:42', NULL),
	(276, 'RADEEMA - MARRAKECH', 'factures  Eau', '2021-01-18', 'domanial', '2021-03-11 10:28:13', '2021-03-11 10:28:13', NULL),
	(277, 'RADEEMA - MARRAKECH', 'Factures Moyenne Tension', '2021-01-18', 'domanial', '2021-03-11 10:30:42', '2021-03-11 10:30:42', NULL),
	(278, 'RADEEMA - MARRAKECH', 'Factures Basse Tension', '2021-01-18', 'domanial', '2021-03-11 10:32:45', '2021-03-11 10:32:45', NULL),
	(279, 'RADEEMA - MARRAKECH', 'Factures basse Tension', '2021-01-18', 'domanial', '2021-03-11 10:35:38', '2021-03-11 10:35:38', NULL),
	(280, 'الاستاذة فاطمة الشريكي محامية بهيئة مراكش', 'مرجعي : 6588 \r\nالمحكمة الإبتدائية بقلعة السراغنة - ملف عدد 328/3106/2019', '2021-01-19', 'contentieux', '2021-03-11 15:36:41', '2021-03-11 15:36:41', NULL),
	(281, '-محكمة الإستأناف الإدارية  - بمراكش', 'قرار رقم 859 صدر بتاريخ 27 صفر 1442 موافق ل 14/10/2020', '2021-01-19', 'contentieux', '2021-03-11 15:47:29', '2021-03-11 15:47:29', NULL),
	(282, 'Le Chef de la C A M - O R M V A du HAOUZ - MARRAKECH', 'CONVENTION   N° 05/2019 \r\n- Facture n° 01/2020  - PVR  - Copie de la note d\'observation', '2021-01-20', 'divers', '2021-03-11 15:56:16', '2021-03-11 15:56:16', NULL),
	(283, 'O N E et E P /  MARRAKECH', 'B.E des Factures MT - ORMVAH\r\nConsommation du mois 12/2020', '2021-01-20', 'domanial', '2021-03-11 16:01:16', '2021-03-11 16:01:16', NULL),
	(284, 'Polyclinique Les Narcisses - MARRAKECH -', 'A.T - du 08/12/2020   Certificat  de Reprise du travail le 22/01/21\r\nC / OULED LARBI Abdelghani', '2021-01-20', 'contentieux', '2021-03-11 16:07:54', '2021-03-11 16:07:54', NULL),
	(285, 'الاستاذة إكرام همو محامية بهيئة مراكش', 'طلب الحصول على معلومات  بملف طلب الإعانة الخاصة بالتجهيز  بمعدات السقي و التنقيط \r\nمرجعنا  :  3/20', '2021-01-21', 'contentieux', '2021-03-15 10:20:27', '2021-03-15 10:20:27', NULL),
	(286, 'الأستاذ عبد الرحمان تكزرين و الأستاذ لحسن تيمور محاميان مقبولان للترافع لدى محكمة النقض', 'إشعار بالتنازل عن النيابة عنكم', '2021-01-21', 'contentieux', '2021-03-15 11:31:01', '2021-03-15 11:31:01', NULL),
	(287, 'رئيسة مصلحة التجهيز بمكتب الحوز بمراكش', 'رسالة  شركة حدائق الليمون المتعلقة بطلب التشطيب على مشروع مرسوم نزع الملكية المسجل على الرسمين العقاريين 04/289506 و 04/289505', '2021-01-21', 'expropriation', '2021-03-15 11:46:17', '2021-03-15 11:46:17', NULL),
	(288, 'مينة الكراري مفوضة قصائية لدى الدائرة القضائية بمراكش', '-المحكمة الإبتدائية بمراكش ، ملف تنفيدي عدد 2021/6151/116   - إعدار', '2021-01-26', 'contentieux', '2021-03-15 11:57:23', '2021-03-15 11:57:23', NULL),
	(289, 'المسؤول عن الشباك الوحيد بمكتب الحوز بمراكش', 'عناضر الجواب الخاصة بالطلب المودع من طرف الأستاذة إكرام همو بخصوص الحصول على معلومات', '2021-01-26', 'contentieux', '2021-03-15 13:31:04', '2021-03-15 13:31:04', NULL),
	(290, 'المحكمة الإدارية بمراكش', 'تجاوز السلطة : ملف رقم  2020/7110/06  حكم رقم 197 بتاريخ 2020/10/14', '2021-01-26', 'contentieux', '2021-03-15 14:37:17', '2021-03-15 14:37:17', NULL),
	(291, 'Direction de l\'Inprimerie Officielle -RABAT-', 'Facture N° 3134  Exercice 2020\r\nMontant : 2400,00 dh', '2021-02-01', 'expropriation', '2021-03-15 14:43:26', '2021-03-15 14:44:11', NULL),
	(292, 'المدير الجهوي للفلاحة مراكش آسفي', 'اعتماد الخدمة الإلكترونية في تدبير المراسلات\r\nالمرجع : المذكرة رقم 1657 بتاريخ 29/05/2020       - مذكرة مديرية الموارد البشرية رقم 1757 بتاريخ 02/07/2020', '2021-02-03', 'divers', '2021-03-16 11:17:40', '2021-03-16 11:17:40', NULL),
	(293, 'Maroc Telecom - Ittissalat al maghrib', 'Bon de dépot de Factures Téléphonique  du mois 12/2020', '2021-02-03', 'domanial', '2021-03-16 11:21:54', '2021-03-16 11:21:54', NULL),
	(294, 'Le Directeur Régional du Conseil Agricole de Marrakech  - Safi', 'Plan Parcellaire du T .17620/M DPE ( plan modification )', '2021-02-03', 'expropriation', '2021-03-16 11:28:17', '2021-03-16 11:28:17', NULL),
	(295, 'منسق أنشطة مكتب الحوز بقلعة السراغنة', 'بشأن  تبليغ أوامر الإستخلاص إلى أصحابها بعناوينهمخرج الدائرة السقوية - تساوت العليا و السفلى', '2021-02-03', 'contentieux', '2021-03-16 11:34:04', '2021-03-16 11:34:04', NULL),
	(296, 'رئيسة مصلحة التجهيز بمكتب الحوز بمراكش', 'نزع  ملكية الأراضي المخصصة لتحديث قناة السقي السلطانية - محاضر المعاينة 59 - التصميم الطبوغرافي 8 -دفتر التجزئة 2 - مذكرة التقديم 1', '2021-02-03', 'expropriation', '2021-03-16 11:39:07', '2021-03-16 11:39:07', NULL),
	(297, 'le Responsable de la C S I - ORMVAH - Marrakech', 'Application de la Gestion de la comptabilité budgétaire', '2021-02-03', 'divers', '2021-03-16 15:41:41', '2021-03-16 15:41:41', NULL),
	(298, 'منسق أنشطة مكتب الحوز بقلعة السراغنة', 'تبليغ أوامر الإستخلاص', '2021-02-04', 'divers', '2021-03-16 15:44:10', '2021-03-16 15:44:10', NULL),
	(299, 'المحكمة الإبتدائية بقلعة السراغنة', 'ملف رقم : 2020/1201/2020\r\nامر باستدعاء الأطراف للجلسة  بعد تبليغ المقال  ذلك ليوم 16/02/2021 على السعة 9 صباحا', '2021-02-04', 'contentieux', '2021-03-16 15:51:25', '2021-03-16 15:51:25', NULL),
	(300, 'Le Directeur de l\'ORMVA du Haouz - Marrakech -', 'Rapport d\'activité annuel de l\'exercice 2020', '2021-02-04', 'divers', '2021-03-16 15:56:03', '2021-03-16 15:56:03', NULL),
	(301, 'صندوق الإيداع و التدبير بالرباط', 'التعويض عن نزع الملكية استصلاح السواقي التقليدية بجماعة العطاوية  بقعة رقم 246\r\nحساب عدد : 0012820414500325', '2021-02-08', 'expropriation', '2021-03-16 16:01:18', '2021-03-16 16:01:18', NULL),
	(302, 'الوكالة القضائية للمملكة -وزارة الإقتصاد و المالية و إصلاح الإدارة', 'إخبار بدعوى قضائية  - المرجع ملف عدد 2020/2404/140 رائج أمام المحكمة الإبتدائية بمراكش قضية المتهم مكان مصطفى', '2021-02-08', 'contentieux', '2021-03-16 16:07:55', '2021-03-16 16:07:55', NULL);
/*!40000 ALTER TABLE `mails` ENABLE KEYS */;

-- Listage de la structure de la table courribjd. mail_user
CREATE TABLE IF NOT EXISTS `mail_user` (
  `mail_id` bigint(20) unsigned NOT NULL,
  `user_id` bigint(20) unsigned NOT NULL,
  `created_at` timestamp NULL DEFAULT NULL,
  `updated_at` timestamp NULL DEFAULT NULL,
  KEY `mail_user_mail_id_foreign` (`mail_id`),
  KEY `mail_user_user_id_foreign` (`user_id`),
  CONSTRAINT `mail_user_mail_id_foreign` FOREIGN KEY (`mail_id`) REFERENCES `mails` (`id`),
  CONSTRAINT `mail_user_user_id_foreign` FOREIGN KEY (`user_id`) REFERENCES `users` (`id`)
) ENGINE=InnoDB DEFAULT CHARSET=utf8mb4 COLLATE=utf8mb4_unicode_ci;

-- Listage des données de la table courribjd.mail_user : ~239 rows (environ)
/*!40000 ALTER TABLE `mail_user` DISABLE KEYS */;
INSERT INTO `mail_user` (`mail_id`, `user_id`, `created_at`, `updated_at`) VALUES
	(10, 4, NULL, NULL),
	(12, 2, NULL, NULL),
	(11, 4, NULL, NULL),
	(8, 1, NULL, NULL),
	(9, 4, NULL, NULL),
	(7, 1, NULL, NULL),
	(6, 5, NULL, NULL),
	(5, 4, NULL, NULL),
	(4, 4, NULL, NULL),
	(3, 3, NULL, NULL),
	(3, 5, NULL, NULL),
	(2, 4, NULL, NULL),
	(13, 4, NULL, NULL),
	(14, 5, NULL, NULL),
	(15, 4, NULL, NULL),
	(15, 2, NULL, NULL),
	(17, 2, NULL, NULL),
	(19, 4, NULL, NULL),
	(22, 1, NULL, NULL),
	(21, 1, NULL, NULL),
	(25, 1, NULL, NULL),
	(24, 1, NULL, NULL),
	(23, 5, NULL, NULL),
	(27, 2, NULL, NULL),
	(26, 1, NULL, NULL),
	(28, 4, NULL, NULL),
	(29, 1, NULL, NULL),
	(30, 2, NULL, NULL),
	(32, 2, NULL, NULL),
	(33, 4, NULL, NULL),
	(34, 2, NULL, NULL),
	(31, 2, NULL, NULL),
	(35, 5, NULL, NULL),
	(36, 2, NULL, NULL),
	(37, 4, NULL, NULL),
	(38, 2, NULL, NULL),
	(39, 2, NULL, NULL),
	(41, 2, NULL, NULL),
	(42, 2, NULL, NULL),
	(40, 2, NULL, NULL),
	(47, 2, NULL, NULL),
	(49, 2, NULL, NULL),
	(48, 2, NULL, NULL),
	(45, 2, NULL, NULL),
	(46, 2, NULL, NULL),
	(44, 2, NULL, NULL),
	(43, 2, NULL, NULL),
	(50, 2, NULL, NULL),
	(51, 2, NULL, NULL),
	(53, 2, NULL, NULL),
	(52, 2, NULL, NULL),
	(16, 4, NULL, NULL),
	(20, 4, NULL, NULL),
	(18, 4, NULL, NULL),
	(54, 2, NULL, NULL),
	(55, 2, NULL, NULL),
	(56, 2, NULL, NULL),
	(57, 2, NULL, NULL),
	(58, 2, NULL, NULL),
	(59, 2, NULL, NULL),
	(60, 2, NULL, NULL),
	(62, 2, NULL, NULL),
	(61, 2, NULL, NULL),
	(64, 2, NULL, NULL),
	(65, 2, NULL, NULL),
	(67, 2, NULL, NULL),
	(67, 1, NULL, NULL),
	(66, 1, NULL, NULL),
	(68, 1, NULL, NULL),
	(70, 1, NULL, NULL),
	(71, 1, NULL, NULL),
	(73, 1, NULL, NULL),
	(75, 1, NULL, NULL),
	(76, 1, NULL, NULL),
	(77, 1, NULL, NULL),
	(78, 1, NULL, NULL),
	(74, 1, NULL, NULL),
	(80, 1, NULL, NULL),
	(79, 1, NULL, NULL),
	(83, 1, NULL, NULL),
	(88, 1, NULL, NULL),
	(89, 5, NULL, NULL),
	(90, 5, NULL, NULL),
	(86, 5, NULL, NULL),
	(85, 1, NULL, NULL),
	(82, 1, NULL, NULL),
	(84, 1, NULL, NULL),
	(69, 1, NULL, NULL),
	(72, 1, NULL, NULL),
	(81, 1, NULL, NULL),
	(91, 1, NULL, NULL),
	(93, 1, NULL, NULL),
	(87, 5, NULL, NULL),
	(92, 5, NULL, NULL),
	(94, 1, NULL, NULL),
	(95, 1, NULL, NULL),
	(96, 1, NULL, NULL),
	(97, 1, NULL, NULL),
	(98, 1, NULL, NULL),
	(100, 1, NULL, NULL),
	(99, 1, NULL, NULL),
	(101, 1, NULL, NULL),
	(102, 1, NULL, NULL),
	(103, 5, NULL, NULL),
	(104, 5, NULL, NULL),
	(105, 5, NULL, NULL),
	(106, 4, NULL, NULL),
	(107, 1, NULL, NULL),
	(108, 1, NULL, NULL),
	(109, 5, NULL, NULL),
	(110, 4, NULL, NULL),
	(111, 4, NULL, NULL),
	(112, 1, NULL, NULL),
	(106, 2, NULL, NULL),
	(114, 2, NULL, NULL),
	(115, 2, NULL, NULL),
	(117, 4, NULL, NULL),
	(116, 4, NULL, NULL),
	(119, 1, NULL, NULL),
	(118, 4, NULL, NULL),
	(120, 1, NULL, NULL),
	(121, 1, NULL, NULL),
	(122, 4, NULL, NULL),
	(123, 4, NULL, NULL),
	(124, 4, NULL, NULL),
	(127, 5, NULL, NULL),
	(126, 5, NULL, NULL),
	(125, 4, NULL, NULL),
	(128, 1, NULL, NULL),
	(129, 5, NULL, NULL),
	(130, 4, NULL, NULL),
	(131, 1, NULL, NULL),
	(132, 4, NULL, NULL),
	(133, 1, NULL, NULL),
	(134, 4, NULL, NULL),
	(135, 1, NULL, NULL),
	(136, 4, NULL, NULL),
	(134, 2, NULL, NULL),
	(137, 2, NULL, NULL),
	(138, 1, NULL, NULL),
	(141, 1, NULL, NULL),
	(140, 1, NULL, NULL),
	(139, 1, NULL, NULL),
	(142, 1, NULL, NULL),
	(145, 1, NULL, NULL),
	(146, 2, NULL, NULL),
	(147, 4, NULL, NULL),
	(144, 4, NULL, NULL),
	(143, 4, NULL, NULL),
	(148, 4, NULL, NULL),
	(149, 1, NULL, NULL),
	(151, 4, NULL, NULL),
	(152, 1, NULL, NULL),
	(153, 4, NULL, NULL),
	(154, 4, NULL, NULL),
	(155, 1, NULL, NULL),
	(157, 4, NULL, NULL),
	(158, 5, NULL, NULL),
	(156, 4, NULL, NULL),
	(160, 4, NULL, NULL),
	(159, 4, NULL, NULL),
	(162, 5, NULL, NULL),
	(163, 4, NULL, NULL),
	(164, 4, NULL, NULL),
	(166, 5, NULL, NULL),
	(167, 5, NULL, NULL),
	(168, 5, NULL, NULL),
	(169, 5, NULL, NULL),
	(170, 5, NULL, NULL),
	(171, 1, NULL, NULL),
	(172, 1, NULL, NULL),
	(173, 5, NULL, NULL),
	(174, 2, NULL, NULL),
	(165, 1, NULL, NULL),
	(175, 1, NULL, NULL),
	(176, 4, NULL, NULL),
	(177, 1, NULL, NULL),
	(178, 1, NULL, NULL),
	(180, 4, NULL, NULL),
	(181, 1, NULL, NULL),
	(182, 1, NULL, NULL),
	(183, 1, NULL, NULL),
	(184, 5, NULL, NULL),
	(185, 2, NULL, NULL),
	(186, 5, NULL, NULL),
	(187, 5, NULL, NULL),
	(188, 2, NULL, NULL),
	(189, 5, NULL, NULL),
	(190, 4, NULL, NULL),
	(191, 4, NULL, NULL),
	(192, 4, NULL, NULL),
	(161, 1, NULL, NULL),
	(193, 4, NULL, NULL),
	(194, 4, NULL, NULL),
	(195, 4, NULL, NULL),
	(196, 4, NULL, NULL),
	(197, 4, NULL, NULL),
	(198, 4, NULL, NULL),
	(199, 4, NULL, NULL),
	(201, 4, NULL, NULL),
	(179, 4, NULL, NULL),
	(202, 4, NULL, NULL),
	(203, 2, NULL, NULL),
	(204, 4, NULL, NULL),
	(205, 2, NULL, NULL),
	(206, 2, NULL, NULL),
	(207, 2, NULL, NULL),
	(208, 2, NULL, NULL),
	(113, 4, NULL, NULL),
	(209, 4, NULL, NULL),
	(210, 4, NULL, NULL),
	(211, 4, NULL, NULL),
	(212, 4, NULL, NULL),
	(213, 4, NULL, NULL),
	(214, 4, NULL, NULL),
	(215, 4, NULL, NULL),
	(216, 4, NULL, NULL),
	(218, 4, NULL, NULL),
	(217, 1, NULL, NULL),
	(219, 5, NULL, NULL),
	(220, 4, NULL, NULL),
	(221, 5, NULL, NULL),
	(222, 1, NULL, NULL),
	(223, 1, NULL, NULL),
	(224, 1, NULL, NULL),
	(225, 1, NULL, NULL),
	(226, 4, NULL, NULL),
	(227, 1, NULL, NULL),
	(228, 4, NULL, NULL),
	(229, 4, NULL, NULL),
	(230, 4, NULL, NULL),
	(231, 1, NULL, NULL),
	(232, 1, NULL, NULL),
	(233, 1, NULL, NULL),
	(234, 5, NULL, NULL),
	(235, 1, NULL, NULL),
	(236, 1, NULL, NULL),
	(237, 1, NULL, NULL),
	(238, 5, NULL, NULL),
	(239, 4, NULL, NULL),
	(240, 1, NULL, NULL),
	(241, 4, NULL, NULL),
	(242, 4, NULL, NULL),
	(243, 4, NULL, NULL),
	(244, 4, NULL, NULL),
	(245, 4, NULL, NULL),
	(246, 4, NULL, NULL),
	(247, 5, NULL, NULL),
	(247, 4, NULL, NULL),
	(248, 1, NULL, NULL),
	(249, 4, NULL, NULL),
	(250, 4, NULL, NULL),
	(251, 4, NULL, NULL),
	(252, 4, NULL, NULL),
	(253, 1, NULL, NULL),
	(254, 4, NULL, NULL),
	(255, 4, NULL, NULL),
	(256, 5, NULL, NULL),
	(257, 5, NULL, NULL),
	(258, 1, NULL, NULL),
	(259, 1, NULL, NULL),
	(260, 4, NULL, NULL),
	(262, 4, NULL, NULL),
	(261, 1, NULL, NULL),
	(263, 4, NULL, NULL),
	(264, 1, NULL, NULL),
	(265, 4, NULL, NULL),
	(266, 4, NULL, NULL),
	(267, 4, NULL, NULL),
	(268, 4, NULL, NULL),
	(269, 4, NULL, NULL),
	(270, 4, NULL, NULL),
	(271, 6, NULL, NULL),
	(272, 4, NULL, NULL),
	(273, 4, NULL, NULL),
	(274, 5, NULL, NULL),
	(275, 5, NULL, NULL),
	(276, 5, NULL, NULL),
	(277, 5, NULL, NULL),
	(278, 5, NULL, NULL),
	(279, 5, NULL, NULL),
	(280, 1, NULL, NULL),
	(281, 1, NULL, NULL),
	(282, 4, NULL, NULL),
	(283, 5, NULL, NULL),
	(284, 1, NULL, NULL),
	(285, 1, NULL, NULL),
	(286, 1, NULL, NULL),
	(287, 4, NULL, NULL),
	(288, 1, NULL, NULL),
	(289, 1, NULL, NULL),
	(290, 1, NULL, NULL),
	(291, 2, NULL, NULL),
	(292, 4, NULL, NULL),
	(293, 5, NULL, NULL),
	(294, 4, NULL, NULL),
	(295, 1, NULL, NULL),
	(296, 2, NULL, NULL),
	(294, 2, NULL, NULL),
	(297, 4, NULL, NULL),
	(298, 4, NULL, NULL),
	(299, 1, NULL, NULL),
	(300, 4, NULL, NULL),
	(301, 6, NULL, NULL),
	(301, 2, NULL, NULL),
	(296, 6, NULL, NULL),
	(302, 1, NULL, NULL);
/*!40000 ALTER TABLE `mail_user` ENABLE KEYS */;

-- Listage de la structure de la table courribjd. migrations
CREATE TABLE IF NOT EXISTS `migrations` (
  `id` int(10) unsigned NOT NULL AUTO_INCREMENT,
  `migration` varchar(255) COLLATE utf8mb4_unicode_ci NOT NULL,
  `batch` int(11) NOT NULL,
  PRIMARY KEY (`id`)
) ENGINE=InnoDB AUTO_INCREMENT=14 DEFAULT CHARSET=utf8mb4 COLLATE=utf8mb4_unicode_ci;

-- Listage des données de la table courribjd.migrations : ~11 rows (environ)
/*!40000 ALTER TABLE `migrations` DISABLE KEYS */;
INSERT INTO `migrations` (`id`, `migration`, `batch`) VALUES
	(1, '2014_10_12_000000_create_users_table', 1),
	(2, '2014_10_12_100000_create_password_resets_table', 1),
	(3, '2019_08_19_000000_create_failed_jobs_table', 1),
	(4, '2020_05_11_152102_create_roles_table', 1),
	(5, '2020_05_11_153019_create_role_user_table', 1),
	(6, '2020_05_11_174807_create_mails_table', 1),
	(7, '2020_05_11_175456_create_mail_user_table', 1),
	(8, '2020_05_21_183656_create_saf_arriveds_table', 1),
	(9, '2020_05_25_183350_create_dir_arriveds_table', 1),
	(10, '2020_05_29_160256_create_images_table', 1),
	(13, '2020_07_16_104130_add_observation_to_mails', 2);
/*!40000 ALTER TABLE `migrations` ENABLE KEYS */;

-- Listage de la structure de la table courribjd. password_resets
CREATE TABLE IF NOT EXISTS `password_resets` (
  `email` varchar(255) COLLATE utf8mb4_unicode_ci NOT NULL,
  `token` varchar(255) COLLATE utf8mb4_unicode_ci NOT NULL,
  `created_at` timestamp NULL DEFAULT NULL,
  KEY `password_resets_email_index` (`email`)
) ENGINE=InnoDB DEFAULT CHARSET=utf8mb4 COLLATE=utf8mb4_unicode_ci;

-- Listage des données de la table courribjd.password_resets : ~0 rows (environ)
/*!40000 ALTER TABLE `password_resets` DISABLE KEYS */;
/*!40000 ALTER TABLE `password_resets` ENABLE KEYS */;

-- Listage de la structure de la table courribjd. roles
CREATE TABLE IF NOT EXISTS `roles` (
  `id` bigint(20) unsigned NOT NULL AUTO_INCREMENT,
  `role` varchar(10) COLLATE utf8mb4_unicode_ci NOT NULL,
  `created_at` timestamp NULL DEFAULT NULL,
  `updated_at` timestamp NULL DEFAULT NULL,
  PRIMARY KEY (`id`)
) ENGINE=InnoDB AUTO_INCREMENT=5 DEFAULT CHARSET=utf8mb4 COLLATE=utf8mb4_unicode_ci;

-- Listage des données de la table courribjd.roles : ~3 rows (environ)
/*!40000 ALTER TABLE `roles` DISABLE KEYS */;
INSERT INTO `roles` (`id`, `role`, `created_at`, `updated_at`) VALUES
	(1, 'admin', '2020-06-04 09:54:40', '2020-06-04 09:54:40'),
	(2, 'chef', '2020-06-24 11:58:59', '2020-06-24 11:58:59'),
	(3, 'os', '2020-06-24 15:24:06', '2020-06-24 15:24:06'),
	(4, 'agent', '2020-07-16 10:47:45', '2020-07-16 10:47:45');
/*!40000 ALTER TABLE `roles` ENABLE KEYS */;

-- Listage de la structure de la table courribjd. role_user
CREATE TABLE IF NOT EXISTS `role_user` (
  `role_id` bigint(20) unsigned NOT NULL,
  `user_id` bigint(20) unsigned NOT NULL,
  `created_at` timestamp NULL DEFAULT NULL,
  `updated_at` timestamp NULL DEFAULT NULL,
  KEY `role_user_role_id_foreign` (`role_id`),
  KEY `role_user_user_id_foreign` (`user_id`),
  CONSTRAINT `role_user_role_id_foreign` FOREIGN KEY (`role_id`) REFERENCES `roles` (`id`),
  CONSTRAINT `role_user_user_id_foreign` FOREIGN KEY (`user_id`) REFERENCES `users` (`id`)
) ENGINE=InnoDB DEFAULT CHARSET=utf8mb4 COLLATE=utf8mb4_unicode_ci;

-- Listage des données de la table courribjd.role_user : ~10 rows (environ)
/*!40000 ALTER TABLE `role_user` DISABLE KEYS */;
INSERT INTO `role_user` (`role_id`, `user_id`, `created_at`, `updated_at`) VALUES
	(1, 2, NULL, NULL),
	(2, 2, NULL, NULL),
	(3, 3, NULL, NULL),
	(3, 2, NULL, NULL),
	(2, 4, NULL, NULL),
	(4, 5, NULL, NULL),
	(3, 1, NULL, NULL),
	(1, 6, NULL, NULL),
	(3, 6, NULL, NULL),
	(2, 6, NULL, NULL);
/*!40000 ALTER TABLE `role_user` ENABLE KEYS */;

-- Listage de la structure de la table courribjd. saf_arriveds
CREATE TABLE IF NOT EXISTS `saf_arriveds` (
  `id` bigint(20) unsigned NOT NULL AUTO_INCREMENT,
  `num_saf` mediumint(9) DEFAULT NULL,
  `date_saf` date DEFAULT NULL,
  `observation` varchar(255) COLLATE utf8mb4_unicode_ci DEFAULT NULL,
  `mail_id` bigint(20) unsigned NOT NULL,
  `created_at` timestamp NULL DEFAULT NULL,
  `updated_at` timestamp NULL DEFAULT NULL,
  PRIMARY KEY (`id`),
  UNIQUE KEY `saf_arriveds_mail_id_unique` (`mail_id`),
  CONSTRAINT `saf_arriveds_mail_id_foreign` FOREIGN KEY (`mail_id`) REFERENCES `mails` (`id`) ON DELETE CASCADE
) ENGINE=InnoDB AUTO_INCREMENT=296 DEFAULT CHARSET=utf8mb4 COLLATE=utf8mb4_unicode_ci;

-- Listage des données de la table courribjd.saf_arriveds : ~232 rows (environ)
/*!40000 ALTER TABLE `saf_arriveds` DISABLE KEYS */;
INSERT INTO `saf_arriveds` (`id`, `num_saf`, `date_saf`, `observation`, `mail_id`, `created_at`, `updated_at`) VALUES
	(2, 111, '2020-06-03', 'me voir', 2, '2020-06-04 10:08:08', '2020-06-04 10:08:08'),
	(3, 805, '2020-06-03', 'للنشر', 3, '2020-06-04 11:37:51', '2020-06-04 11:37:51'),
	(4, 877, '2020-06-22', NULL, 4, '2020-06-24 09:49:08', '2020-06-24 09:49:08'),
	(5, 888, '2020-06-24', NULL, 5, '2020-06-24 10:11:14', '2020-06-24 10:11:14'),
	(6, 886, '2020-06-23', NULL, 6, '2020-06-24 11:09:56', '2020-06-24 11:09:56'),
	(7, 885, '2020-06-23', NULL, 7, '2020-06-24 11:58:07', '2020-06-24 11:58:07'),
	(8, 890, '2020-06-24', NULL, 8, '2020-06-24 12:08:08', '2020-06-24 12:09:02'),
	(9, 883, '2020-06-22', NULL, 9, '2020-06-24 15:11:16', '2020-06-24 15:11:16'),
	(10, 911, '2020-06-26', NULL, 10, '2020-06-26 09:59:19', '2020-06-29 08:54:32'),
	(11, 922, '2020-06-29', NULL, 13, '2020-06-29 14:31:00', '2020-06-29 14:31:00'),
	(12, 927, '2020-06-30', NULL, 14, '2020-06-30 15:03:41', '2020-06-30 15:03:41'),
	(13, 949, '2020-07-03', NULL, 15, '2020-07-03 09:15:23', '2020-07-03 09:15:23'),
	(14, 974, '2020-07-07', NULL, 16, '2020-07-08 13:39:44', '2020-07-08 13:39:44'),
	(15, 325, '2020-07-06', NULL, 17, '2020-07-08 13:43:29', '2020-07-08 13:43:29'),
	(16, 924, '2020-06-29', 'Urgent', 18, '2020-07-08 13:51:44', '2020-07-08 13:51:44'),
	(17, 984, '2020-07-08', NULL, 19, '2020-07-09 09:08:25', '2020-07-09 09:08:25'),
	(18, 986, '2020-07-08', NULL, 20, '2020-07-09 09:11:34', '2020-07-09 09:11:34'),
	(19, 985, '2020-07-08', NULL, 21, '2020-07-09 09:16:56', '2020-07-09 09:16:56'),
	(20, 979, '2020-07-07', NULL, 22, '2020-07-09 09:18:51', '2020-07-09 09:18:51'),
	(21, 1004, '2020-07-13', NULL, 23, '2020-07-13 10:41:06', '2020-07-13 10:41:06'),
	(22, 1007, '2020-07-13', 'عاجل', 24, '2020-07-13 10:44:04', '2020-07-13 10:44:04'),
	(23, 1006, '2020-07-13', 'me voir + écrire au DPE', 25, '2020-07-13 10:47:11', '2020-07-13 10:47:11'),
	(24, 1011, '2020-07-14', '?', 27, '2020-07-15 14:15:41', '2020-07-15 14:15:41'),
	(25, 1027, '2020-07-16', 'عاجل الجواب', 26, '2020-07-16 10:01:13', '2020-07-16 10:01:13'),
	(26, 1029, '2020-07-16', 'urgent à préparer et suite à donner', 28, '2020-07-16 14:29:25', '2020-07-16 14:29:25'),
	(27, 1035, '2020-07-16', 'me voir', 29, '2020-07-17 13:48:20', '2020-07-17 13:48:20'),
	(28, 1039, '2020-07-15', 'm\'en parler', 30, '2020-07-17 13:50:13', '2020-07-17 13:50:13'),
	(29, 1050, '2020-07-20', 'me voir', 31, '2020-07-21 14:19:42', '2020-07-21 14:19:42'),
	(30, 1051, '2020-07-20', 'me voir', 32, '2020-07-21 14:22:24', '2020-07-21 14:22:24'),
	(31, 1053, '2020-07-20', 'me voir', 33, '2020-07-21 14:26:10', '2020-07-21 14:26:10'),
	(32, 1052, '2020-07-20', NULL, 34, '2020-07-21 14:30:31', '2020-07-21 14:30:31'),
	(33, 727, '2020-07-21', 'Urgent: me voir', 35, '2020-07-22 08:21:49', '2020-07-22 09:09:18'),
	(34, 1063, '2020-07-22', NULL, 37, '2020-07-23 09:08:05', '2020-07-23 09:08:05'),
	(35, 1054, '2020-07-20', NULL, 38, '2020-07-27 09:09:37', '2020-07-27 09:09:37'),
	(36, 1078, '2020-07-27', 'من أجل التطبيق', 40, '2020-07-27 12:26:41', '2020-07-27 12:26:41'),
	(37, 1079, '2020-07-27', 'me voir', 41, '2020-07-27 12:29:21', '2020-07-27 12:29:21'),
	(38, 1080, '2020-07-27', 'me voir', 42, '2020-07-27 12:32:30', '2020-07-27 12:32:30'),
	(39, 1082, '2020-07-27', 'voir avec le chef du SAF', 43, '2020-07-27 15:31:57', '2020-07-27 15:31:57'),
	(40, 1078, '2020-07-27', 'voir avec le chef du SAF', 44, '2020-07-27 15:37:45', '2020-07-27 15:37:45'),
	(41, 1086, '2020-07-27', NULL, 45, '2020-07-27 15:42:56', '2020-07-27 15:50:01'),
	(42, 1084, '2020-07-27', 'voir avec le chef du SAF', 46, '2020-07-27 15:42:56', '2020-07-27 15:42:56'),
	(43, 1085, '2020-07-27', NULL, 47, '2020-07-27 15:45:56', '2020-07-27 15:45:56'),
	(44, 1091, '2020-07-27', 'voir avec le Chef du SAF', 48, '2020-07-27 15:58:15', '2020-07-27 15:58:15'),
	(45, 1092, '2020-07-27', 'voir avec le Chef du SAF', 49, '2020-07-27 16:04:21', '2020-07-27 16:04:21'),
	(46, 1097, '2020-07-28', NULL, 50, '2020-07-28 14:48:11', '2020-07-28 14:48:11'),
	(47, 1100, '2020-07-28', 'a voir avec le Chef du SAF', 51, '2020-07-28 15:16:00', '2020-07-28 15:16:00'),
	(48, 1102, '2020-07-28', 'a voir avec le Chef du SAF', 52, '2020-07-28 15:20:55', '2020-07-28 15:20:55'),
	(49, 1103, '2020-07-28', NULL, 53, '2020-07-28 15:26:44', '2020-07-28 15:26:44'),
	(50, 1110, '2020-08-03', NULL, 56, '2020-08-04 08:11:26', '2020-08-04 08:11:26'),
	(51, 1122, '2020-08-04', NULL, 57, '2020-08-04 10:07:02', '2020-08-04 10:07:02'),
	(52, 1121, '2020-08-04', NULL, 58, '2020-08-04 10:09:49', '2020-08-04 10:09:49'),
	(53, 1120, '2020-08-04', NULL, 59, '2020-08-04 10:14:24', '2020-08-04 10:14:24'),
	(54, 1125, '2020-08-05', 'مستعجل -  للنظر مع المحامية', 60, '2020-08-05 14:44:13', '2020-08-05 14:44:13'),
	(55, 1128, '2020-08-05', 'voir le Chef du  SAF avec projets  Budgets 2021', 61, '2020-08-05 15:05:18', '2020-08-05 15:05:18'),
	(56, 1129, '2020-08-05', 'للنظر', 62, '2020-08-05 15:14:53', '2020-08-05 15:17:23'),
	(57, 1131, '2020-08-05', 'voir avec le Chef  du SAF - avec les modifications introduites', 63, '2020-08-05 15:24:03', '2020-08-05 15:24:03'),
	(58, 1132, '2020-08-06', NULL, 64, '2020-08-06 10:22:29', '2020-08-06 10:22:29'),
	(59, 1134, '2020-08-06', 'voir avec le Chef du SAF', 65, '2020-08-06 10:33:11', '2020-08-06 10:33:11'),
	(60, 1142, '2020-08-07', NULL, 66, '2020-08-07 14:50:39', '2020-08-07 14:50:39'),
	(61, 1147, '2020-08-07', NULL, 67, '2020-08-07 15:41:12', '2020-08-07 15:41:12'),
	(62, 1149, '2020-08-10', 'Voir avec le Chef du SAF', 68, '2020-08-10 15:10:50', '2020-08-10 15:10:50'),
	(63, 1150, '2020-08-10', 'Urgent  voir avec Le Chef du  SAF', 69, '2020-08-10 15:14:35', '2020-08-10 15:14:35'),
	(64, 1151, '2020-08-10', NULL, 70, '2020-08-10 15:18:25', '2020-08-10 15:18:25'),
	(65, 1152, '2020-08-10', NULL, 71, '2020-08-10 15:20:53', '2020-08-10 15:20:53'),
	(66, 1156, '2020-08-10', 'مستعجل - رسالة إلى المديرية الإقليمية للتربية و التعليم  و التكوين بمراكش', 72, '2020-08-10 15:26:19', '2020-08-11 10:46:41'),
	(67, 1157, '2020-08-10', 'voir avec Le Chef du SAF', 73, '2020-08-11 10:49:51', '2020-08-11 10:49:51'),
	(68, 1158, '2020-08-11', 'voir avec le chef du SAF', 74, '2020-08-12 14:00:09', '2020-08-12 14:00:09'),
	(69, 1158, '2020-08-11', 'التعليق بسبورة الاعلانات', 75, '2020-08-12 14:10:48', '2020-08-12 14:10:48'),
	(70, 1163, '2020-08-11', 'voir avec le chef du SAF', 76, '2020-08-12 14:19:48', '2020-08-12 14:19:48'),
	(71, 1163, '2020-08-11', 'voir avec le chef du SAF', 77, '2020-08-12 14:24:06', '2020-08-12 14:24:06'),
	(72, 1164, '2020-08-12', 'voir avec le Chef du SAF', 78, '2020-08-12 14:27:03', '2020-08-12 14:27:03'),
	(73, 1165, NULL, 'Voir avec le Chef du SAF', 79, '2020-08-12 14:33:06', '2020-08-12 14:33:06'),
	(74, 1166, '2020-08-11', 'voir avec le Chef du SAF', 80, '2020-08-12 15:02:07', '2020-08-12 15:02:07'),
	(75, 1158, '2020-08-11', 'Très Urgent préparer le nécessaire et  voir avec le Chef du SAF', 81, '2020-08-13 12:06:40', '2020-08-13 12:06:40'),
	(76, 1170, '2020-08-11', 'voir avec le Chef du SAF', 82, '2020-08-13 12:20:42', '2020-08-13 14:48:45'),
	(77, 1173, '2020-08-13', 'voir avec le Chef du SAF', 83, '2020-08-13 14:53:12', '2020-08-13 14:53:12'),
	(78, 1174, '2020-08-13', 'مشاوفة رئيس المصلحة إ م', 84, '2020-08-13 15:00:00', '2020-08-13 15:00:00'),
	(79, 1175, '2020-08-13', NULL, 85, '2020-08-13 15:08:02', '2020-08-13 15:08:02'),
	(80, 1177, '2020-08-13', NULL, 86, '2020-08-13 15:18:24', '2020-08-13 15:18:24'),
	(81, 1178, '2020-08-13', NULL, 87, '2020-08-13 15:20:19', '2020-08-13 15:20:19'),
	(82, 1179, '2020-08-13', NULL, 88, '2020-08-13 15:21:50', '2020-08-13 15:21:50'),
	(83, 1180, '2020-08-13', NULL, 89, '2020-08-13 15:22:56', '2020-08-13 15:22:56'),
	(84, 1181, '2020-08-13', NULL, 90, '2020-08-13 15:24:16', '2020-08-13 15:24:16'),
	(85, 1183, '2020-08-13', NULL, 91, '2020-08-17 14:12:57', '2020-08-17 14:12:57'),
	(86, 1182, '2020-08-13', 'voir avec le Chef du SAF', 92, '2020-08-17 14:15:40', '2020-08-17 14:15:40'),
	(87, 1185, '2020-08-13', 'voir avec le Chef du SAF', 93, '2020-08-17 14:20:42', '2020-08-17 14:20:42'),
	(88, 1190, '2020-08-17', '...? voir avec le Chef du SAF', 94, '2020-08-18 14:22:55', '2020-08-18 14:22:55'),
	(89, 1191, '2020-08-18', 'voir avec le Chef du SAF', 95, '2020-08-18 14:44:22', '2020-08-18 14:44:22'),
	(90, 1192, '2020-08-18', 'voir avec le Chef du SAF', 96, '2020-08-18 14:47:19', '2020-08-18 14:47:19'),
	(91, 1193, '2020-08-18', 'voir avec le Chef du SAF', 97, '2020-08-18 14:50:50', '2020-08-18 14:50:50'),
	(92, 1196, '2020-08-18', NULL, 98, '2020-08-18 14:53:44', '2020-08-18 14:55:59'),
	(93, 1197, '2020-08-18', NULL, 99, '2020-08-18 15:16:48', '2020-08-19 13:22:41'),
	(94, 1195, '2020-08-18', NULL, 100, '2020-08-18 15:16:48', '2020-08-18 15:16:48'),
	(95, 1198, '2020-08-18', 'قصد تطبيق المسطرة القانونية', 101, '2020-08-19 13:30:56', '2020-08-19 13:30:56'),
	(96, 1211, '2020-08-19', 'préparation du dossier (voir Yacine)', 102, '2020-08-24 14:32:12', '2020-08-24 14:32:12'),
	(97, 1199, '2020-08-19', NULL, 103, '2020-08-26 11:36:39', '2020-08-26 11:36:39'),
	(98, 1200, '2020-08-24', NULL, 104, '2020-08-26 11:43:58', '2020-08-26 11:43:58'),
	(99, 1201, '2020-08-19', NULL, 105, '2020-08-26 11:48:37', '2020-08-26 11:48:37'),
	(100, 1204, '2020-08-19', NULL, 106, '2020-08-26 11:59:44', '2020-08-26 11:59:44'),
	(101, 1200, '2020-08-19', NULL, 107, '2020-08-26 12:38:24', '2020-08-26 12:38:24'),
	(102, 1207, '2020-08-19', NULL, 108, '2020-08-26 12:44:56', '2020-08-26 12:44:56'),
	(103, 1210, '2020-08-19', 'transmis au SGRID', 109, '2020-08-26 12:50:32', '2020-08-26 12:50:32'),
	(104, 1213, '2020-08-24', NULL, 110, '2020-08-26 13:09:57', '2020-08-26 13:09:57'),
	(105, 1216, '2020-08-25', 'Avoir avec le Chef du SAF', 111, '2020-08-26 13:39:35', '2020-08-26 13:39:35'),
	(106, 1228, '2020-08-28', NULL, 112, '2020-09-08 10:53:37', '2020-09-08 10:53:37'),
	(107, 1222, '2020-08-27', NULL, 113, '2020-09-08 11:03:43', '2020-09-08 11:03:43'),
	(108, 1258, '2020-09-03', NULL, 114, '2020-09-09 13:23:44', '2020-09-09 13:23:44'),
	(109, 1253, '2020-09-03', 'me voir', 115, '2020-09-10 08:09:40', '2020-09-10 08:09:40'),
	(110, 1294, '2020-09-10', NULL, 116, '2020-09-11 09:45:31', '2020-09-11 09:45:31'),
	(111, 1295, '2020-09-10', NULL, 117, '2020-09-11 09:47:08', '2020-09-11 09:47:08'),
	(112, 1305, '2020-09-11', NULL, 118, '2020-09-15 09:16:09', '2020-09-15 09:16:09'),
	(113, 1272, '2020-09-07', 'me voire', 119, '2020-09-15 09:20:08', '2020-09-15 09:20:08'),
	(114, 1287, '2020-09-09', 'me voire', 120, '2020-09-15 09:25:20', '2020-09-15 09:25:20'),
	(115, 1282, '2020-09-08', 'me voire', 121, '2020-09-15 09:29:17', '2020-09-15 09:29:17'),
	(116, 1308, '2020-09-11', NULL, 122, '2020-09-15 09:45:23', '2020-09-15 09:45:23'),
	(117, 1311, '2020-09-14', NULL, 123, '2020-09-15 09:48:38', '2020-09-15 09:48:38'),
	(118, 1312, '2020-09-15', 'copie', 124, '2020-09-15 09:53:28', '2020-09-15 09:53:28'),
	(119, 1313, '2020-09-15', 'me voire', 125, '2020-09-16 10:02:54', '2020-09-16 10:02:54'),
	(120, 1320, '2020-09-15', NULL, 126, '2020-09-16 10:04:23', '2020-09-16 10:04:23'),
	(121, 1321, '2020-09-15', NULL, 127, '2020-09-16 10:07:00', '2020-09-16 10:07:00'),
	(122, 1326, '2020-09-16', NULL, 128, '2020-09-17 13:29:15', '2020-09-17 13:29:15'),
	(123, 1325, '2020-09-16', NULL, 129, '2020-09-17 13:31:17', '2020-09-17 13:31:17'),
	(124, 1223, '2020-09-10', 'me voire', 130, '2020-09-17 13:33:25', '2020-09-17 13:33:25'),
	(125, 1329, '2020-09-17', NULL, 131, '2020-09-18 10:41:52', '2020-09-18 10:41:52'),
	(126, 1347, '2020-09-18', 'الجواب', 132, '2020-09-21 15:00:12', '2020-09-21 15:00:12'),
	(127, 1343, NULL, NULL, 133, '2020-09-21 15:01:50', '2020-09-21 15:01:50'),
	(128, 1238, '2020-08-31', NULL, 134, '2020-09-24 08:31:13', '2020-09-24 08:31:13'),
	(129, 1372, '2020-09-23', 'me voire', 135, '2020-09-24 08:41:28', '2020-09-24 08:41:28'),
	(130, 1363, '2020-09-23', 'me voire', 136, '2020-09-24 08:45:23', '2020-09-24 08:45:23'),
	(131, 1393, '2020-09-30', 'مشاوفتي', 138, '2020-10-01 08:11:59', '2020-10-01 08:11:59'),
	(132, 1395, '2020-09-30', NULL, 139, '2020-10-01 08:14:26', '2020-10-01 08:14:26'),
	(133, 1392, '2020-09-30', 'إجراء اللازم', 140, '2020-10-01 08:17:55', '2020-10-01 08:17:55'),
	(134, 1389, '2020-09-30', 'مشاوفتي', 141, '2020-10-01 08:26:40', '2020-10-01 08:26:40'),
	(135, 1391, '2020-09-30', 'me voir', 142, '2020-10-01 08:32:16', '2020-10-01 08:32:16'),
	(136, 1387, '2020-09-29', 'me voir', 143, '2020-10-01 08:36:39', '2020-10-01 08:36:39'),
	(137, 1399, '2020-10-01', NULL, 144, '2020-10-01 15:20:32', '2020-10-01 15:20:32'),
	(138, 1401, '2020-10-02', NULL, 145, '2020-10-05 09:36:20', '2020-10-05 09:36:20'),
	(139, 1416, '2020-10-05', NULL, 146, '2020-10-05 14:54:33', '2020-10-05 14:54:33'),
	(140, 1419, '2020-10-05', 'me voire', 147, '2020-10-05 14:57:58', '2020-10-05 14:57:58'),
	(141, 1426, '2020-10-06', 'me voire', 148, '2020-10-06 10:49:21', '2020-10-06 10:49:21'),
	(142, 1423, '2020-10-06', 'الجواب بالارجاع', 149, '2020-10-06 10:50:58', '2020-10-06 10:50:58'),
	(143, 1443, '2020-10-08', 'Urgent: tout chèque impayé doit être traité immediatement', 150, '2020-10-09 11:21:54', '2020-10-09 11:21:54'),
	(144, 1450, NULL, 'me voire', 151, '2020-10-12 10:04:20', '2020-10-12 10:04:20'),
	(145, 1452, NULL, 'me voire', 152, '2020-10-12 10:10:55', '2020-10-12 10:10:55'),
	(146, 1455, '2020-10-12', 'me voire', 153, '2020-10-12 13:46:24', '2020-10-12 13:46:24'),
	(147, 1456, NULL, 'me voire', 154, '2020-10-12 13:48:44', '2020-10-12 13:48:44'),
	(148, 1453, NULL, NULL, 155, '2020-10-12 13:56:30', '2020-10-12 13:56:30'),
	(149, 1458, '2020-10-12', NULL, 156, '2020-10-13 11:29:49', '2020-10-13 11:29:49'),
	(150, 1459, '2020-10-12', 'Voir avec le chef du SAF', 157, '2020-10-13 11:36:41', '2020-10-13 11:36:41'),
	(151, 1461, '2020-10-12', 'faire le nécessaire', 158, '2020-10-13 11:44:12', '2020-10-13 11:44:12'),
	(152, 1462, '2020-10-12', 'Urgent', 159, '2020-10-13 11:57:48', '2020-10-13 11:57:48'),
	(153, 1463, '2020-10-12', 'voir avec le chef du SAF', 160, '2020-10-13 12:00:41', '2020-10-13 12:00:41'),
	(154, 1465, '2020-10-12', 'voir avec le chef du SAF', 161, '2020-10-13 12:09:35', '2020-10-13 12:09:35'),
	(155, 1466, '2020-10-13', NULL, 162, '2020-10-16 15:16:01', '2020-10-16 15:16:01'),
	(156, 1467, '2020-10-13', NULL, 163, '2020-10-16 15:19:58', '2020-10-20 09:32:45'),
	(157, 1468, '2020-10-13', 'مستعجل', 164, '2020-10-16 15:23:28', '2020-10-16 15:23:28'),
	(158, 1479, '2020-10-13', NULL, 165, '2020-10-16 15:27:56', '2020-10-16 15:27:56'),
	(159, 1470, '2020-10-13', NULL, 166, '2020-10-16 15:30:21', '2020-10-16 15:30:21'),
	(160, 1471, '2020-10-13', NULL, 167, '2020-10-16 15:31:51', '2020-10-16 15:31:51'),
	(161, 1472, '2020-10-13', NULL, 168, '2020-10-16 15:33:17', '2020-10-16 15:33:17'),
	(162, 1473, '2020-10-13', NULL, 169, '2020-10-16 15:34:39', '2020-10-16 15:34:39'),
	(163, 1474, '2020-10-13', NULL, 170, '2020-10-16 15:36:10', '2020-10-16 15:36:10'),
	(164, 1475, '2020-10-13', NULL, 171, '2020-10-16 15:39:25', '2020-10-16 15:39:25'),
	(165, 1501, '2020-10-19', 'voir avec le chef du SAF', 172, '2020-10-19 15:19:46', '2020-10-19 15:19:46'),
	(166, 1502, '2020-10-19', 'Etablir situation des paiements pour confirmer par Coordination à transmettre aux coor.k et coor.HC', 173, '2020-10-19 15:26:14', '2020-10-19 15:27:49'),
	(167, 1503, '2020-10-19', 'Voir avec le chef du SAF', 174, '2020-10-20 09:22:44', '2020-10-20 09:22:44'),
	(168, 1477, '2020-10-12', NULL, 175, '2020-10-20 09:52:11', '2020-10-20 09:52:11'),
	(169, 1478, '2020-10-12', 'مشاوفة مع رئيس المصلحة', 176, '2020-10-20 09:58:58', '2020-10-20 09:58:58'),
	(170, 1480, '2020-10-12', NULL, 177, '2020-10-20 10:06:45', '2020-10-20 10:06:45'),
	(171, 1482, '2020-10-12', NULL, 178, '2020-10-20 10:12:04', '2020-10-20 10:12:04'),
	(172, 1504, '2020-10-20', 'للتعليق  بسبورة الإعلانات الإدارية  قصد الإطلاع', 179, '2020-10-21 14:59:13', '2020-10-21 14:59:13'),
	(173, 1508, '2020-10-20', 'الجواب عاجل', 180, '2020-10-21 15:15:31', '2020-10-21 15:15:31'),
	(174, 1514, '2020-10-20', 'A traiter avec l\'Avocat', 181, '2020-10-21 15:24:21', '2020-10-21 15:24:21'),
	(175, 1527, '2020-10-23', 'T.U. Pour examen et voir la Chef du SAF', 182, '2020-10-23 10:27:52', '2020-10-23 10:27:52'),
	(176, 1529, '2020-10-23', NULL, 183, '2020-10-23 10:33:52', '2020-10-23 10:33:52'),
	(177, 1539, '2020-10-26', NULL, 184, '2020-10-27 08:48:27', '2020-10-27 08:48:27'),
	(178, 1535, '2020-10-26', NULL, 185, '2020-10-27 08:58:35', '2020-10-27 08:58:35'),
	(179, 1538, '2020-10-26', NULL, 186, '2020-10-27 09:04:44', '2020-10-27 09:04:44'),
	(180, 1531, '2020-10-23', 'Avoir avec le chef du SAF', 187, '2020-10-27 09:12:45', '2020-10-27 09:12:45'),
	(181, 1546, '2020-10-27', NULL, 188, '2020-10-27 15:08:55', '2020-10-27 15:08:55'),
	(182, 1548, '2020-10-27', NULL, 189, '2020-10-27 15:11:12', '2020-10-27 15:11:12'),
	(183, 1561, '2020-10-28', 'الجواب', 190, '2020-10-28 14:32:44', '2020-10-28 14:32:44'),
	(184, 1562, '2020-10-28', NULL, 191, '2020-10-28 15:13:56', '2020-10-28 15:13:56'),
	(185, 1566, '2020-10-28', NULL, 192, '2020-10-28 15:17:21', '2020-10-28 15:17:21'),
	(186, 1568, '2020-11-02', 'Urgent', 193, '2020-11-02 15:10:21', '2020-11-02 15:10:21'),
	(187, 1569, '2020-11-02', 'voir avec le chef du  S A F', 194, '2020-11-02 15:20:37', '2020-11-02 15:20:37'),
	(188, 1570, '2020-11-02', 'Avoir avec du SAF', 195, '2020-11-02 15:32:26', '2020-11-02 15:32:26'),
	(189, 1571, '2020-11-02', 'Avoir avec le chef du SAF', 196, '2020-11-02 15:41:58', '2020-11-02 15:41:58'),
	(190, 1574, '2020-11-02', 'certification', 197, '2020-11-03 09:48:07', '2020-11-03 09:48:07'),
	(191, 1575, '2020-11-02', NULL, 198, '2020-11-03 14:10:58', '2020-11-03 14:10:58'),
	(192, 1577, '2020-11-02', 'التعليق بسبورة الإعلانات', 199, '2020-11-03 14:16:52', '2020-11-03 14:16:52'),
	(193, 1577, '2020-11-02', 'التعليق بسبورة الإعلانات', 200, '2020-11-03 14:24:35', '2020-11-03 14:24:35'),
	(194, 1578, '2020-11-03', 'مشوفة رئيس  م إ م', 201, '2020-11-03 14:31:56', '2020-11-03 14:31:56'),
	(195, 1984, '2020-11-03', 'pour affichage', 202, '2020-11-03 14:39:47', '2020-11-03 14:39:47'),
	(196, 1585, '2020-11-03', NULL, 203, '2020-11-03 14:43:46', '2020-11-03 14:43:46'),
	(197, 1586, '2020-11-03', 'عاجل', 204, '2020-11-03 14:54:05', '2020-11-03 14:54:05'),
	(198, 1587, '2020-11-03', 'عاجل مشاوفة رئيس م إ م', 205, '2020-11-03 15:05:07', '2020-11-03 15:05:07'),
	(199, 1588, '2020-11-03', NULL, 206, '2020-11-03 15:11:29', '2020-11-03 15:11:29'),
	(200, 1589, '2020-11-03', NULL, 207, '2020-11-03 15:14:47', '2020-11-03 15:14:47'),
	(201, 1591, '2020-11-03', 'مشاوفة رئيس  م إ م', 208, '2020-11-03 15:28:49', '2020-11-03 15:28:49'),
	(202, 1593, '2020-11-03', NULL, 209, '2020-11-03 15:33:52', '2020-11-03 15:33:52'),
	(203, 1595, '2020-11-03', 'à suivre - il faut régler ce problème au niveau des deux coordinations', 210, '2020-11-04 09:51:33', '2020-11-04 09:51:33'),
	(204, 1597, '2020-11-03', 'pour attribution', 211, '2020-11-04 09:59:05', '2020-11-04 09:59:05'),
	(205, 1598, '2020-11-03', 'Répondre', 212, '2020-11-04 10:12:22', '2020-11-04 10:12:22'),
	(206, 1673, '2020-11-13', NULL, 213, '2020-11-16 11:31:00', '2020-11-16 11:31:00'),
	(207, 1675, '2020-11-13', 'مشاوفة رئيس المصلحة', 214, '2020-11-16 11:38:33', '2020-11-16 11:38:33'),
	(208, 1678, '2020-11-13', 'Voir le chef du SAF', 215, '2020-11-16 11:58:28', '2020-11-16 11:58:28'),
	(209, 1679, '2020-11-13', 'عاجل  مشاوفة رئيس المصلحة', 216, '2020-11-16 12:15:51', '2020-11-16 12:15:51'),
	(210, 1621, '2020-11-09', NULL, 217, '2020-11-20 10:24:50', '2020-11-20 10:24:50'),
	(211, 1700, '2020-11-17', NULL, 218, '2020-11-20 10:28:33', '2020-11-20 10:28:33'),
	(212, 1709, '2020-11-17', 'Factures  BI concerne le SGRID', 219, '2020-11-20 10:33:35', '2020-11-20 10:33:35'),
	(213, 1712, '2020-11-17', NULL, 220, '2020-11-20 10:42:19', '2020-11-20 10:42:19'),
	(214, 1740, '2020-11-20', NULL, 221, '2020-11-24 10:35:25', '2020-11-24 10:35:25'),
	(215, 1742, '2020-11-23', NULL, 222, '2020-11-24 10:45:27', '2020-11-24 10:45:27'),
	(216, 1744, '2020-11-23', NULL, 223, '2020-11-24 10:49:35', '2020-11-24 10:49:35'),
	(217, 1745, '2020-11-23', 'voir avec le Chef du SAF', 224, '2020-11-24 10:54:56', '2020-11-24 10:54:56'),
	(218, 1746, '2020-11-23', 'Voir avec le chef du SAF', 225, '2020-11-24 11:00:08', '2020-11-24 11:00:08'),
	(219, 1725, '2020-11-20', NULL, 226, '2020-12-02 14:29:37', '2020-12-02 14:50:14'),
	(220, 1747, '2020-11-23', NULL, 227, '2020-12-02 14:55:45', '2020-12-02 14:55:45'),
	(221, 1764, '2020-11-23', 'عاجل مشاوفة رئيس المصلحة', 228, '2020-12-02 15:00:44', '2020-12-02 15:00:44'),
	(222, 1770, '2020-11-25', NULL, 229, '2020-12-02 15:05:24', '2020-12-02 15:05:24'),
	(223, 1774, '2020-11-25', NULL, 230, '2020-12-02 15:23:40', '2020-12-02 15:23:40'),
	(224, 1745, '2020-11-23', 'voir avec le chef du SAF', 231, '2020-12-03 09:47:56', '2020-12-03 09:47:56'),
	(225, 1746, '2020-11-23', 'voir avec le chef du SAF', 232, '2020-12-03 10:57:44', '2020-12-03 10:57:44'),
	(226, 1780, '2020-11-26', 'عاجل', 233, '2020-12-03 11:07:57', '2020-12-03 11:07:57'),
	(227, 1781, '2020-11-26', NULL, 234, '2020-12-03 11:18:01', '2020-12-03 11:18:01'),
	(228, 1787, '2020-11-30', NULL, 235, '2020-12-03 11:23:08', '2020-12-03 11:23:08'),
	(229, 1788, '2020-11-30', NULL, 236, '2020-12-03 11:27:27', '2020-12-03 11:27:27'),
	(230, 1790, '2020-11-30', NULL, 237, '2020-12-03 11:31:23', '2020-12-03 11:31:23'),
	(231, 1792, '2020-12-01', NULL, 238, '2020-12-03 14:17:16', '2020-12-03 14:17:16'),
	(232, 1798, '2020-11-30', NULL, 239, '2020-12-03 14:22:39', '2020-12-03 14:22:39'),
	(233, 1799, '2020-12-01', 'مشاوفة  رئيس  م إ م', 240, '2020-12-03 14:28:14', '2020-12-03 14:28:14'),
	(234, 1800, '2020-12-01', 'y assister', 241, '2020-12-03 14:37:41', '2020-12-03 14:37:41'),
	(235, 1806, '2020-12-01', NULL, 242, '2020-12-03 14:50:58', '2020-12-03 14:50:58'),
	(236, 1810, '2020-12-01', 'مشاوفة رئيس  م.إ.م', 243, '2020-12-03 14:58:09', '2020-12-03 14:58:09'),
	(237, 1812, '2020-12-02', NULL, 244, '2020-12-03 15:03:27', '2020-12-03 15:03:27'),
	(238, 1813, '2020-12-02', NULL, 245, '2020-12-03 15:06:00', '2020-12-03 15:06:00'),
	(239, 1828, '2020-12-04', 'التعليق بسبورة الإعلانات', 246, '2020-12-09 14:15:08', '2020-12-09 14:15:08'),
	(240, 1830, '2020-12-04', NULL, 247, '2020-12-09 14:22:40', '2020-12-09 14:22:40'),
	(241, 1831, '2020-12-04', NULL, 248, '2020-12-09 14:58:00', '2020-12-09 14:58:00'),
	(242, 832, '2020-12-04', 'التعليق بسبورة الإعلانات', 249, '2020-12-09 15:09:07', '2020-12-09 15:09:07'),
	(243, 1840, '2020-12-07', 'الجواب', 250, '2020-12-09 15:21:13', '2020-12-09 15:21:13'),
	(244, 1842, '2020-12-08', NULL, 251, '2020-12-09 15:34:56', '2020-12-09 15:34:56'),
	(245, 1846, '2020-12-08', 'à voir avec le chef du  SAF', 252, '2020-12-15 15:03:16', '2020-12-15 15:03:16'),
	(246, 1849, '2020-12-08', 'عاجل', 253, '2020-12-15 15:08:59', '2020-12-15 15:08:59'),
	(247, 1861, '2020-12-09', 'voir avec le chef du SAF', 254, '2020-12-15 15:14:21', '2020-12-15 15:14:21'),
	(248, 1864, '2020-12-09', 'عاجل', 255, '2020-12-15 15:20:01', '2020-12-15 15:20:01'),
	(249, 1865, '2020-12-09', 'مشاوفتي - عاجل', 256, '2020-12-15 15:26:48', '2020-12-15 15:26:48'),
	(250, 1865, '2020-12-09', 'مشاوفتي - عاجل', 257, '2020-12-15 15:32:34', '2020-12-15 15:32:34'),
	(251, 1868, '2020-12-09', 'Copie au BPOS', 258, '2020-12-15 15:39:32', '2020-12-15 15:39:32'),
	(252, 13, '2021-01-05', 'إعمل اللأزم', 259, '2021-03-01 14:04:41', '2021-03-01 14:04:41'),
	(253, 14, '2021-03-05', NULL, 260, '2021-03-01 14:59:20', '2021-03-01 14:59:20'),
	(254, 17, '2021-01-06', NULL, 261, '2021-03-01 15:12:31', '2021-03-01 15:12:31'),
	(255, 22, '2021-01-06', 'Voir avec le Chef du SAF', 262, '2021-03-02 09:58:37', '2021-03-02 09:58:37'),
	(256, 26, '2021-01-06', NULL, 263, '2021-03-02 10:08:47', '2021-03-02 10:08:47'),
	(257, 32, '2021-01-07', NULL, 264, '2021-03-02 10:15:31', '2021-03-02 10:15:31'),
	(258, 48, '2021-01-08', 'Urgent y  participé', 265, '2021-03-02 10:51:33', '2021-03-09 14:24:17'),
	(259, 34, '2021-01-08', NULL, 266, '2021-03-05 09:13:08', '2021-03-05 09:13:08'),
	(260, 35, '2021-01-08', NULL, 267, '2021-03-05 09:20:32', '2021-03-05 09:20:32'),
	(261, 36, '2021-01-08', NULL, 268, '2021-03-05 09:29:01', '2021-03-05 09:29:01'),
	(262, 43, '2021-01-12', 'voir avec le chef du SAF', 269, '2021-03-05 11:13:50', '2021-03-05 11:13:50'),
	(263, 44, '2021-01-12', 'Voir avec le Chef du SAF', 270, '2021-03-05 11:29:29', '2021-03-05 11:29:29'),
	(264, 45, '2021-01-12', 'Voir avec le Chef du SAF', 271, '2021-03-05 11:38:08', '2021-03-05 11:38:08'),
	(265, 48, '2021-01-13', 'Urgent y participer', 272, '2021-03-09 14:29:50', '2021-03-09 14:29:50'),
	(266, 53, '2021-01-13', 'Urgent', 273, '2021-03-09 15:26:18', '2021-03-09 15:26:18'),
	(267, 60, '2021-01-18', NULL, 274, '2021-03-09 15:33:12', '2021-03-09 15:33:12'),
	(268, 65, '2021-01-15', NULL, 275, '2021-03-11 10:25:43', '2021-03-11 10:25:43'),
	(269, 66, '2021-01-15', NULL, 276, '2021-03-11 10:28:14', '2021-03-11 10:28:14'),
	(270, 67, '2021-01-15', NULL, 277, '2021-03-11 10:30:42', '2021-03-11 10:30:42'),
	(271, 68, '2021-01-15', NULL, 278, '2021-03-11 10:32:45', '2021-03-11 10:32:45'),
	(272, 69, '2021-01-15', NULL, 279, '2021-03-11 10:35:38', '2021-03-11 10:35:38'),
	(273, 92, '2021-01-19', 'عاجل', 280, '2021-03-11 15:36:41', '2021-03-11 15:36:41'),
	(274, 93, '2021-01-19', '؟', 281, '2021-03-11 15:47:29', '2021-03-11 15:47:29'),
	(275, 97, '2021-01-20', 'P.V', 282, '2021-03-11 15:56:16', '2021-03-11 15:56:16'),
	(276, 99, '2021-01-20', 'Concerne le SGRID', 283, '2021-03-11 16:01:16', '2021-03-11 16:01:16'),
	(277, 102, '2021-01-20', 'copie BPOS', 284, '2021-03-11 16:07:54', '2021-03-11 16:07:54'),
	(278, 105, '2021-01-21', 'Atraiter avec notre avocate', 285, '2021-03-15 10:20:27', '2021-03-15 10:20:27'),
	(279, 107, '2021-01-21', NULL, 286, '2021-03-15 11:31:01', '2021-03-15 11:31:01'),
	(280, 108, '2021-01-21', NULL, 287, '2021-03-15 11:46:17', '2021-03-15 11:46:17'),
	(281, 128, '2021-01-26', NULL, 288, '2021-03-15 11:57:23', '2021-03-15 11:57:23'),
	(282, 131, '2021-01-26', NULL, 289, '2021-03-15 13:31:04', '2021-03-15 13:31:04'),
	(283, 132, '2021-01-26', 'ينظر مع رئيس مصلحة السقي و صرف المياه', 290, '2021-03-15 14:37:17', '2021-03-15 14:37:17'),
	(284, 154, '2021-02-01', 'pour certification', 291, '2021-03-15 14:43:26', '2021-03-15 14:43:26'),
	(285, 158, '2021-02-02', NULL, 292, '2021-03-16 11:17:40', '2021-03-16 11:17:40'),
	(286, 161, '2021-02-02', NULL, 293, '2021-03-16 11:21:54', '2021-03-16 11:21:54'),
	(287, 162, '2021-02-03', NULL, 294, '2021-03-16 11:28:17', '2021-03-16 11:28:17'),
	(288, 163, '2021-02-03', NULL, 295, '2021-03-16 11:34:04', '2021-03-16 11:34:04'),
	(289, 164, '2021-02-03', NULL, 296, '2021-03-16 11:39:07', '2021-03-16 11:39:07'),
	(290, 165, '2021-02-03', NULL, 297, '2021-03-16 15:41:41', '2021-03-16 15:41:41'),
	(291, 166, '2021-02-04', NULL, 298, '2021-03-16 15:44:10', '2021-03-16 15:44:10'),
	(292, 167, '2021-02-04', NULL, 299, '2021-03-16 15:51:25', '2021-03-16 15:51:25'),
	(293, 169, '2021-02-04', NULL, 300, '2021-03-16 15:56:03', '2021-03-16 15:56:03'),
	(294, 176, '2021-02-08', NULL, 301, '2021-03-16 16:01:18', '2021-03-16 16:01:18'),
	(295, 177, '2021-02-08', NULL, 302, '2021-03-16 16:07:55', '2021-03-16 16:07:55');
/*!40000 ALTER TABLE `saf_arriveds` ENABLE KEYS */;

-- Listage de la structure de la table courribjd. users
CREATE TABLE IF NOT EXISTS `users` (
  `id` bigint(20) unsigned NOT NULL AUTO_INCREMENT,
  `name` varchar(255) COLLATE utf8mb4_unicode_ci NOT NULL,
  `email` varchar(255) COLLATE utf8mb4_unicode_ci NOT NULL,
  `email_verified_at` timestamp NULL DEFAULT NULL,
  `password` varchar(255) COLLATE utf8mb4_unicode_ci NOT NULL,
  `remember_token` varchar(100) COLLATE utf8mb4_unicode_ci DEFAULT NULL,
  `created_at` timestamp NULL DEFAULT NULL,
  `updated_at` timestamp NULL DEFAULT NULL,
  PRIMARY KEY (`id`),
  UNIQUE KEY `users_email_unique` (`email`)
) ENGINE=InnoDB AUTO_INCREMENT=8 DEFAULT CHARSET=utf8mb4 COLLATE=utf8mb4_unicode_ci;

-- Listage des données de la table courribjd.users : ~5 rows (environ)
/*!40000 ALTER TABLE `users` DISABLE KEYS */;
INSERT INTO `users` (`id`, `name`, `email`, `email_verified_at`, `password`, `remember_token`, `created_at`, `updated_at`) VALUES
	(1, 'Y. EL AMRANI', 'yassine@bjd.saf', NULL, '$2y$10$3SHlIclTlU.EQG0pqb9Vdu8Mv/bxHAe4bvfylE8zpl9NSkTNXmTFC', NULL, NULL, NULL),
	(2, 'M. ABATOUR', 'abat.must@gmail.com', NULL, '$2y$10$gzFUStstLTv2pUhk081BLeFBpRgGqVVjP9NW/jD5xAxyWeJAr/ZIq', NULL, NULL, NULL),
	(3, 'KH. EL IDRISSI', 'khadija@bjd.saf', NULL, '$2y$10$shRsh/PLkAyeSQAZOWBMzO.obZQ8p9Kw4kKxqz2J0.zLTiM8nSI42', NULL, '2020-06-04 09:47:26', '2020-06-04 09:47:26'),
	(4, 'O. BENYAICHE', 'omar@bjd.saf', NULL, '$2y$10$shRsh/PLkAyeSQAZOWBMzO.obZQ8p9Kw4kKxqz2J0.zLTiM8nSI42', NULL, NULL, NULL),
	(5, 'M. EL KIHAL', 'kihal@bjd.saf', NULL, '$2y$10$shRsh/PLkAyeSQAZOWBMzO.obZQ8p9Kw4kKxqz2J0.zLTiM8nSI42', NULL, NULL, NULL),
	(6, 'houssam', 'kamal@gmail.com', NULL, '$2y$10$oMTHAX1u6LqFOM3UEq0EJOgW2nYNJwnbiN2RY7g.Orf0lYFeMvQCK', NULL, '2020-11-27 09:40:38', '2020-11-27 09:40:38'),
	(7, 'FOUAD', 'salaheddine503@gmail.com', NULL, '$2y$10$YGIXe/jP.EN0vBVseU5Sw.Pdrnp8TP50KQMQz/feG0jzHkGs5.L1u', NULL, '2021-03-10 08:43:35', '2021-03-10 08:43:35');
/*!40000 ALTER TABLE `users` ENABLE KEYS */;

/*!40101 SET SQL_MODE=IFNULL(@OLD_SQL_MODE, '') */;
/*!40014 SET FOREIGN_KEY_CHECKS=IF(@OLD_FOREIGN_KEY_CHECKS IS NULL, 1, @OLD_FOREIGN_KEY_CHECKS) */;
/*!40101 SET CHARACTER_SET_CLIENT=@OLD_CHARACTER_SET_CLIENT */;
